onset	duration	sample	value
0.0000000000	n/a	0	boundary
1.5800000000	n/a	1580	boundary
14.2890000000	1.0000000000	14289	S 19
27.0890000000	1.0000000000	27089	S 26
39.4390000000	1.0000000000	39439	S 19
53.2890000000	1.0000000000	53289	S 65
66.3720000000	1.0000000000	66372	S 19
78.9220000000	1.0000000000	78922	S 33
91.4220000000	1.0000000000	91422	S 64
105.2550000000	1.0000000000	105255	S 26
118.1710000000	1.0000000000	118171	S 65
130.7710000000	1.0000000000	130771	S 18
144.2380000000	1.0000000000	144238	S 32
156.7380000000	1.0000000000	156738	S 32
170.6040000000	1.0000000000	170604	S 18
184.2540000000	1.0000000000	184254	S 32
197.4870000000	1.0000000000	197487	S 64
210.1870000000	1.0000000000	210187	S 26
223.9540000000	1.0000000000	223954	S 65
236.8700000000	1.0000000000	236870	S 19
249.9030000000	1.0000000000	249903	S 32
264.0370000000	1.0000000000	264037	S 27
276.4360000000	1.0000000000	276436	S 65
290.0530000000	1.0000000000	290053	S 27
303.8530000000	1.0000000000	303853	S 18
316.3030000000	1.0000000000	316303	S 33
329.5520000000	1.0000000000	329552	S 32
342.7520000000	1.0000000000	342752	S 26
355.5360000000	1.0000000000	355536	S 64
368.4020000000	1.0000000000	368402	S 19
382.4020000000	1.0000000000	382402	S 27
395.8520000000	1.0000000000	395852	S 33
409.7180000000	1.0000000000	409718	S 26
422.1180000000	1.0000000000	422118	S 18
435.3850000000	1.0000000000	435385	S 64
447.9020000000	1.0000000000	447902	S 27
461.2510000000	1.0000000000	461251	S 18
474.8340000000	1.0000000000	474834	S 33
487.4180000000	1.0000000000	487418	S 64
499.8670000000	1.0000000000	499867	S 33
512.7670000000	1.0000000000	512767	S 65
526.2000000000	1.0000000000	526200	S 27
