onset	duration	sample	value
0.0000000000	n/a	0	boundary
1.6000000000	n/a	1600	boundary
6.9530000000	1.0000000000	6953	S 19
19.3860000000	1.0000000000	19386	S 26
32.5690000000	1.0000000000	32569	S 19
45.3190000000	1.0000000000	45319	S 65
59.3520000000	1.0000000000	59352	S 19
72.6350000000	1.0000000000	72635	S 33
86.4350000000	1.0000000000	86435	S 64
98.8850000000	1.0000000000	98885	S 26
111.2350000000	1.0000000000	111235	S 65
124.1180000000	1.0000000000	124118	S 18
138.1510000000	1.0000000000	138151	S 32
150.8010000000	1.0000000000	150801	S 32
163.0680000000	1.0000000000	163068	S 18
175.4840000000	1.0000000000	175484	S 32
189.4510000000	1.0000000000	189451	S 64
202.3840000000	1.0000000000	202384	S 26
215.2670000000	1.0000000000	215267	S 65
227.9670000000	1.0000000000	227967	S 19
240.4670000000	1.0000000000	240467	S 32
253.4830000000	1.0000000000	253483	S 27
265.8670000000	1.0000000000	265867	S 65
279.3330000000	1.0000000000	279333	S 27
291.7160000000	1.0000000000	291716	S 18
304.0160000000	1.0000000000	304016	S 33
317.0830000000	1.0000000000	317083	S 32
330.3660000000	1.0000000000	330366	S 26
343.3330000000	1.0000000000	343333	S 64
355.5490000000	1.0000000000	355549	S 19
368.4490000000	1.0000000000	368449	S 27
380.8320000000	1.0000000000	380832	S 33
393.2490000000	1.0000000000	393249	S 26
406.4650000000	1.0000000000	406465	S 18
419.8650000000	1.0000000000	419865	S 64
433.0980000000	1.0000000000	433098	S 27
445.7310000000	1.0000000000	445731	S 18
459.4980000000	1.0000000000	459498	S 33
471.7640000000	1.0000000000	471764	S 64
485.6980000000	1.0000000000	485698	S 33
498.1810000000	1.0000000000	498181	S 65
511.6140000000	1.0000000000	511614	S 27
