onset	duration	sample	value
0.0000000000	n/a	0	boundary
6.8290000000	1.0000000000	6829	S 65
20.3620000000	1.0000000000	20362	S 32
34.3280000000	1.0000000000	34328	S 26
46.9790000000	1.0000000000	46979	S 65
59.1950000000	1.0000000000	59195	S 33
72.2110000000	1.0000000000	72211	S 27
86.2440000000	1.0000000000	86244	S 18
99.5440000000	1.0000000000	99544	S 33
113.5770000000	1.0000000000	113577	S 18
127.3440000000	1.0000000000	127344	S 26
141.1610000000	1.0000000000	141161	S 64
154.9270000000	1.0000000000	154927	S 26
168.2770000000	1.0000000000	168277	S 19
180.9270000000	1.0000000000	180927	S 65
194.3100000000	1.0000000000	194310	S 33
206.6930000000	1.0000000000	206693	S 19
220.1770000000	1.0000000000	220177	S 64
234.1930000000	1.0000000000	234193	S 65
246.7930000000	1.0000000000	246793	S 27
259.7090000000	1.0000000000	259709	S 18
273.7760000000	1.0000000000	273776	S 33
286.6430000000	1.0000000000	286643	S 27
299.0920000000	1.0000000000	299092	S 32
312.0090000000	1.0000000000	312009	S 26
324.8920000000	1.0000000000	324892	S 64
338.3920000000	1.0000000000	338392	S 26
352.0590000000	1.0000000000	352059	S 65
365.9080000000	1.0000000000	365908	S 64
378.5250000000	1.0000000000	378525	S 18
392.1250000000	1.0000000000	392125	S 27
404.7750000000	1.0000000000	404775	S 32
417.0580000000	1.0000000000	417058	S 19
430.9240000000	1.0000000000	430924	S 32
443.5910000000	1.0000000000	443591	S 64
455.7580000000	1.0000000000	455758	S 19
469.8740000000	1.0000000000	469874	S 32
482.4240000000	1.0000000000	482424	S 27
496.5740000000	1.0000000000	496574	S 18
509.9240000000	1.0000000000	509924	S 19
524.0070000000	1.0000000000	524007	S 33
