onset	duration	sample	value
0.0000000000	n/a	0	boundary
2.0400000000	n/a	2040	boundary
8.1370000000	1.0000000000	8137	S 27
21.4700000000	1.0000000000	21470	S 64
33.7200000000	1.0000000000	33720	S 32
47.4200000000	1.0000000000	47420	S 33
60.3700000000	1.0000000000	60370	S 26
72.8030000000	1.0000000000	72803	S 18
85.9690000000	1.0000000000	85969	S 26
99.6360000000	1.0000000000	99636	S 65
112.2860000000	1.0000000000	112286	S 65
124.9020000000	1.0000000000	124902	S 32
137.9360000000	1.0000000000	137936	S 19
150.7190000000	1.0000000000	150719	S 33
164.5350000000	1.0000000000	164535	S 26
178.0520000000	1.0000000000	178052	S 19
190.4850000000	1.0000000000	190485	S 65
204.1350000000	1.0000000000	204135	S 64
216.7350000000	1.0000000000	216735	S 64
229.0680000000	1.0000000000	229068	S 18
241.7680000000	1.0000000000	241768	S 18
254.1010000000	1.0000000000	254101	S 27
267.3010000000	1.0000000000	267301	S 32
281.1840000000	1.0000000000	281184	S 19
294.6010000000	1.0000000000	294601	S 64
307.1670000000	1.0000000000	307167	S 32
320.4840000000	1.0000000000	320484	S 65
333.0000000000	1.0000000000	333000	S 19
345.5170000000	1.0000000000	345517	S 26
359.2000000000	1.0000000000	359200	S 33
372.3000000000	1.0000000000	372300	S 27
385.4500000000	1.0000000000	385450	S 64
397.8000000000	1.0000000000	397800	S 27
411.6990000000	1.0000000000	411699	S 18
425.6160000000	1.0000000000	425616	S 33
437.8160000000	1.0000000000	437816	S 19
451.8500000000	1.0000000000	451850	S 26
465.4830000000	1.0000000000	465483	S 18
479.3490000000	1.0000000000	479349	S 27
493.2320000000	1.0000000000	493232	S 32
507.0150000000	1.0000000000	507015	S 33
519.6650000000	1.0000000000	519665	S 65
