onset	duration	sample	value
0.0000000000	n/a	0	boundary
1.1600000000	n/a	1160	boundary
8.5430000000	1.0000000000	8543	S 27
22.6930000000	1.0000000000	22693	S 64
35.7600000000	1.0000000000	35760	S 32
48.1090000000	1.0000000000	48109	S 33
60.4430000000	1.0000000000	60443	S 26
73.9090000000	1.0000000000	73909	S 18
86.9430000000	1.0000000000	86943	S 26
99.5090000000	1.0000000000	99509	S 65
112.2920000000	1.0000000000	112292	S 65
125.8420000000	1.0000000000	125842	S 32
139.1590000000	1.0000000000	139159	S 19
152.2920000000	1.0000000000	152292	S 33
166.4580000000	1.0000000000	166458	S 26
179.0080000000	1.0000000000	179008	S 19
191.8750000000	1.0000000000	191875	S 65
204.3250000000	1.0000000000	204325	S 64
218.2750000000	1.0000000000	218275	S 64
230.5410000000	1.0000000000	230541	S 18
243.8580000000	1.0000000000	243858	S 18
256.2410000000	1.0000000000	256241	S 27
269.6070000000	1.0000000000	269607	S 32
283.2910000000	1.0000000000	283291	S 19
297.0400000000	1.0000000000	297040	S 64
310.2740000000	1.0000000000	310274	S 32
322.9400000000	1.0000000000	322940	S 65
336.0230000000	1.0000000000	336023	S 19
348.5570000000	1.0000000000	348557	S 26
362.3560000000	1.0000000000	362356	S 33
375.6060000000	1.0000000000	375606	S 27
389.3900000000	1.0000000000	389390	S 64
402.1560000000	1.0000000000	402156	S 27
415.3890000000	1.0000000000	415389	S 18
427.7730000000	1.0000000000	427773	S 33
440.5560000000	1.0000000000	440556	S 19
453.4220000000	1.0000000000	453422	S 26
466.3220000000	1.0000000000	466322	S 18
479.9550000000	1.0000000000	479955	S 27
492.9050000000	1.0000000000	492905	S 32
505.9550000000	1.0000000000	505955	S 33
519.4060000000	1.0000000000	519406	S 65
