onset	duration	sample	value
0.0000000000	n/a	0	boundary
0.9400000000	n/a	940	boundary
7.4400000000	1.0000000000	7440	S 65
21.5070000000	1.0000000000	21507	S 32
34.8400000000	1.0000000000	34840	S 26
48.4560000000	1.0000000000	48456	S 65
60.7560000000	1.0000000000	60756	S 33
74.6390000000	1.0000000000	74639	S 27
87.9390000000	1.0000000000	87939	S 18
100.3390000000	1.0000000000	100339	S 33
112.6890000000	1.0000000000	112689	S 18
126.2550000000	1.0000000000	126255	S 26
140.3550000000	1.0000000000	140355	S 64
153.6720000000	1.0000000000	153672	S 26
166.4050000000	1.0000000000	166405	S 19
179.5050000000	1.0000000000	179505	S 65
193.2210000000	1.0000000000	193221	S 33
206.8380000000	1.0000000000	206838	S 19
219.9710000000	1.0000000000	219971	S 64
232.5040000000	1.0000000000	232504	S 65
245.0710000000	1.0000000000	245071	S 27
258.0210000000	1.0000000000	258021	S 18
270.8700000000	1.0000000000	270870	S 33
284.2870000000	1.0000000000	284287	S 27
297.1200000000	1.0000000000	297120	S 32
311.2870000000	1.0000000000	311287	S 26
324.5530000000	1.0000000000	324553	S 64
338.0200000000	1.0000000000	338020	S 26
350.6700000000	1.0000000000	350670	S 65
363.3030000000	1.0000000000	363303	S 64
376.9030000000	1.0000000000	376903	S 18
390.7520000000	1.0000000000	390752	S 27
404.3520000000	1.0000000000	404352	S 32
417.9360000000	1.0000000000	417936	S 19
430.6020000000	1.0000000000	430602	S 32
444.3020000000	1.0000000000	444302	S 64
457.5520000000	1.0000000000	457552	S 19
469.7850000000	1.0000000000	469785	S 32
482.2850000000	1.0000000000	482285	S 27
495.5510000000	1.0000000000	495551	S 18
508.6350000000	1.0000000000	508635	S 19
521.7840000000	1.0000000000	521784	S 33
