onset	duration	sample	value
0.0000000000	n/a	0	boundary
1.4800000000	n/a	1480	boundary
8.9960000000	1.0000000000	8996	S 19
21.6790000000	1.0000000000	21679	S 26
35.7120000000	1.0000000000	35712	S 19
49.4950000000	1.0000000000	49495	S 65
61.8620000000	1.0000000000	61862	S 19
74.7620000000	1.0000000000	74762	S 33
88.5120000000	1.0000000000	88512	S 64
102.2780000000	1.0000000000	102278	S 26
115.0110000000	1.0000000000	115011	S 65
127.3440000000	1.0000000000	127344	S 18
140.5280000000	1.0000000000	140528	S 32
153.7940000000	1.0000000000	153794	S 32
166.4940000000	1.0000000000	166494	S 18
180.4440000000	1.0000000000	180444	S 32
193.5770000000	1.0000000000	193577	S 64
206.6270000000	1.0000000000	206627	S 26
219.2100000000	1.0000000000	219210	S 65
232.2100000000	1.0000000000	232210	S 19
245.6760000000	1.0000000000	245676	S 32
259.0760000000	1.0000000000	259076	S 27
271.7430000000	1.0000000000	271743	S 65
284.6930000000	1.0000000000	284693	S 27
296.9090000000	1.0000000000	296909	S 18
310.1920000000	1.0000000000	310192	S 33
323.1760000000	1.0000000000	323176	S 32
336.5920000000	1.0000000000	336592	S 26
350.7250000000	1.0000000000	350725	S 64
362.9920000000	1.0000000000	362992	S 19
375.9420000000	1.0000000000	375942	S 27
389.0750000000	1.0000000000	389075	S 33
402.7410000000	1.0000000000	402741	S 26
416.0750000000	1.0000000000	416075	S 18
429.0410000000	1.0000000000	429041	S 64
442.7740000000	1.0000000000	442774	S 27
455.1070000000	1.0000000000	455107	S 18
468.4240000000	1.0000000000	468424	S 33
481.1900000000	1.0000000000	481190	S 64
494.3070000000	1.0000000000	494307	S 33
506.8570000000	1.0000000000	506857	S 65
520.3230000000	1.0000000000	520323	S 27
