onset	duration	sample	value
0.0000000000	n/a	0	boundary
1.2200000000	n/a	1220	boundary
9.8340000000	1.0000000000	9834	S 65
23.8840000000	1.0000000000	23884	S 32
36.6340000000	1.0000000000	36634	S 26
49.4670000000	1.0000000000	49467	S 65
61.9170000000	1.0000000000	61917	S 33
75.3170000000	1.0000000000	75317	S 27
88.4670000000	1.0000000000	88467	S 18
101.2000000000	1.0000000000	101200	S 33
115.1160000000	1.0000000000	115116	S 18
127.6330000000	1.0000000000	127633	S 26
140.9660000000	1.0000000000	140966	S 64
154.0330000000	1.0000000000	154033	S 26
167.7490000000	1.0000000000	167749	S 19
180.7160000000	1.0000000000	180716	S 65
193.6160000000	1.0000000000	193616	S 33
207.2650000000	1.0000000000	207265	S 19
221.0820000000	1.0000000000	221082	S 64
233.2820000000	1.0000000000	233282	S 65
245.9320000000	1.0000000000	245932	S 27
258.0980000000	1.0000000000	258098	S 18
270.9810000000	1.0000000000	270981	S 33
284.1480000000	1.0000000000	284148	S 27
297.3150000000	1.0000000000	297315	S 32
309.8640000000	1.0000000000	309864	S 26
323.7980000000	1.0000000000	323798	S 64
337.9640000000	1.0000000000	337964	S 26
351.6310000000	1.0000000000	351631	S 65
364.3310000000	1.0000000000	364331	S 64
376.9140000000	1.0000000000	376914	S 18
390.3140000000	1.0000000000	390314	S 27
404.1800000000	1.0000000000	404180	S 32
416.8470000000	1.0000000000	416847	S 19
429.2970000000	1.0000000000	429297	S 32
441.7300000000	1.0000000000	441730	S 64
455.4800000000	1.0000000000	455480	S 19
468.8960000000	1.0000000000	468896	S 32
481.1960000000	1.0000000000	481196	S 27
494.4460000000	1.0000000000	494446	S 18
507.9290000000	1.0000000000	507929	S 19
520.7960000000	1.0000000000	520796	S 33
