onset	duration	sample	value
0.0000000000	n/a	0	boundary
0.7800000000	n/a	780	boundary
5.7900000000	1.0000000000	5790	S 65
18.6570000000	1.0000000000	18657	S 32
32.1070000000	1.0000000000	32107	S 26
46.0400000000	1.0000000000	46040	S 65
60.1560000000	1.0000000000	60156	S 33
73.6400000000	1.0000000000	73640	S 27
87.2060000000	1.0000000000	87206	S 18
100.9390000000	1.0000000000	100939	S 33
113.0890000000	1.0000000000	113089	S 18
125.8390000000	1.0000000000	125839	S 26
139.5220000000	1.0000000000	139522	S 64
153.4390000000	1.0000000000	153439	S 26
166.3220000000	1.0000000000	166322	S 19
179.6220000000	1.0000000000	179622	S 65
193.6550000000	1.0000000000	193655	S 33
207.3380000000	1.0000000000	207338	S 19
219.5880000000	1.0000000000	219588	S 64
233.2220000000	1.0000000000	233222	S 65
245.8710000000	1.0000000000	245871	S 27
258.8710000000	1.0000000000	258871	S 18
271.9050000000	1.0000000000	271905	S 33
285.3050000000	1.0000000000	285305	S 27
299.1710000000	1.0000000000	299171	S 32
313.2040000000	1.0000000000	313204	S 26
326.8710000000	1.0000000000	326871	S 64
340.1370000000	1.0000000000	340137	S 26
353.7710000000	1.0000000000	353771	S 65
367.6870000000	1.0000000000	367687	S 64
380.1200000000	1.0000000000	380120	S 18
394.1870000000	1.0000000000	394187	S 27
406.8700000000	1.0000000000	406870	S 32
420.1370000000	1.0000000000	420137	S 19
432.4700000000	1.0000000000	432470	S 32
444.7530000000	1.0000000000	444753	S 64
457.5200000000	1.0000000000	457520	S 19
470.2190000000	1.0000000000	470219	S 32
483.9030000000	1.0000000000	483903	S 27
496.5190000000	1.0000000000	496519	S 18
509.4860000000	1.0000000000	509486	S 19
523.6860000000	1.0000000000	523686	S 33
