onset	duration	sample	value
0.0000000000	n/a	0	boundary
1.1400000000	n/a	1140	boundary
7.5090000000	1.0000000000	7509	S 65
19.6760000000	1.0000000000	19676	S 32
31.9260000000	1.0000000000	31926	S 26
45.0420000000	1.0000000000	45042	S 65
58.5920000000	1.0000000000	58592	S 33
71.1920000000	1.0000000000	71192	S 27
85.2080000000	1.0000000000	85208	S 18
98.0420000000	1.0000000000	98042	S 33
110.6410000000	1.0000000000	110641	S 18
124.5080000000	1.0000000000	124508	S 26
138.5580000000	1.0000000000	138558	S 64
151.9740000000	1.0000000000	151974	S 26
165.9740000000	1.0000000000	165974	S 19
178.4740000000	1.0000000000	178474	S 65
192.6240000000	1.0000000000	192624	S 33
205.5900000000	1.0000000000	205590	S 19
219.7400000000	1.0000000000	219740	S 64
232.1240000000	1.0000000000	232124	S 65
246.0400000000	1.0000000000	246040	S 27
258.2900000000	1.0000000000	258290	S 18
271.6400000000	1.0000000000	271640	S 33
285.7560000000	1.0000000000	285756	S 27
298.7560000000	1.0000000000	298756	S 32
312.1390000000	1.0000000000	312139	S 26
324.5220000000	1.0000000000	324522	S 64
337.2890000000	1.0000000000	337289	S 26
350.5890000000	1.0000000000	350589	S 65
363.5220000000	1.0000000000	363522	S 64
376.2220000000	1.0000000000	376222	S 18
389.3550000000	1.0000000000	389355	S 27
402.5220000000	1.0000000000	402522	S 32
415.3880000000	1.0000000000	415388	S 19
428.5710000000	1.0000000000	428571	S 32
440.7550000000	1.0000000000	440755	S 64
453.5540000000	1.0000000000	453554	S 19
466.9540000000	1.0000000000	466954	S 32
479.9050000000	1.0000000000	479905	S 27
493.1870000000	1.0000000000	493187	S 18
506.7870000000	1.0000000000	506787	S 19
519.2040000000	1.0000000000	519204	S 33
