onset	duration	sample	value
0.0000000000	n/a	0	boundary
6.1500000000	1.0000000000	6150	S 27
19.4330000000	1.0000000000	19433	S 64
32.9660000000	1.0000000000	32966	S 32
45.9490000000	1.0000000000	45949	S 33
58.7660000000	1.0000000000	58766	S 26
72.2820000000	1.0000000000	72282	S 18
84.8650000000	1.0000000000	84865	S 26
98.8820000000	1.0000000000	98882	S 65
111.3650000000	1.0000000000	111365	S 65
124.7480000000	1.0000000000	124748	S 32
137.2650000000	1.0000000000	137265	S 19
150.1980000000	1.0000000000	150198	S 33
163.2310000000	1.0000000000	163231	S 26
176.5310000000	1.0000000000	176531	S 19
189.3970000000	1.0000000000	189397	S 65
202.0640000000	1.0000000000	202064	S 64
215.0140000000	1.0000000000	215014	S 64
227.8300000000	1.0000000000	227830	S 18
240.2800000000	1.0000000000	240280	S 18
254.4800000000	1.0000000000	254480	S 27
267.3470000000	1.0000000000	267347	S 32
279.9300000000	1.0000000000	279930	S 19
292.0970000000	1.0000000000	292097	S 64
306.1790000000	1.0000000000	306179	S 32
319.1630000000	1.0000000000	319163	S 65
332.9460000000	1.0000000000	332946	S 19
346.0620000000	1.0000000000	346062	S 26
358.8460000000	1.0000000000	358846	S 33
371.8620000000	1.0000000000	371862	S 27
384.7120000000	1.0000000000	384712	S 64
397.9280000000	1.0000000000	397928	S 27
410.8450000000	1.0000000000	410845	S 18
424.7620000000	1.0000000000	424762	S 33
438.6950000000	1.0000000000	438695	S 19
451.3450000000	1.0000000000	451345	S 26
465.1110000000	1.0000000000	465111	S 18
478.6780000000	1.0000000000	478678	S 27
490.9610000000	1.0000000000	490961	S 32
504.7940000000	1.0000000000	504794	S 33
517.3770000000	1.0000000000	517377	S 65
