onset	duration	sample	value
0.0000000000	n/a	0	boundary
1.1200000000	n/a	1120	boundary
6.6750000000	1.0000000000	6675	S 27
19.0240000000	1.0000000000	19024	S 64
31.8070000000	1.0000000000	31807	S 32
44.8240000000	1.0000000000	44824	S 33
58.2570000000	1.0000000000	58257	S 26
71.8900000000	1.0000000000	71890	S 18
85.6240000000	1.0000000000	85624	S 26
99.7070000000	1.0000000000	99707	S 65
112.2900000000	1.0000000000	112290	S 65
124.6230000000	1.0000000000	124623	S 32
136.8400000000	1.0000000000	136840	S 19
149.4900000000	1.0000000000	149490	S 33
163.2730000000	1.0000000000	163273	S 26
176.2730000000	1.0000000000	176273	S 19
189.0890000000	1.0000000000	189089	S 65
203.1730000000	1.0000000000	203173	S 64
217.2390000000	1.0000000000	217239	S 64
229.9220000000	1.0000000000	229922	S 18
242.3890000000	1.0000000000	242389	S 18
256.0890000000	1.0000000000	256089	S 27
269.2550000000	1.0000000000	269255	S 32
282.2550000000	1.0000000000	282255	S 19
295.9380000000	1.0000000000	295938	S 64
308.1050000000	1.0000000000	308105	S 32
320.8720000000	1.0000000000	320872	S 65
334.5050000000	1.0000000000	334505	S 19
347.7210000000	1.0000000000	347721	S 26
360.1880000000	1.0000000000	360188	S 33
373.1050000000	1.0000000000	373105	S 27
385.8880000000	1.0000000000	385888	S 64
399.9540000000	1.0000000000	399954	S 27
412.1870000000	1.0000000000	412187	S 18
425.3870000000	1.0000000000	425387	S 33
438.2870000000	1.0000000000	438287	S 19
452.0040000000	1.0000000000	452004	S 26
465.4370000000	1.0000000000	465437	S 18
478.3540000000	1.0000000000	478354	S 27
491.2370000000	1.0000000000	491237	S 32
504.7530000000	1.0000000000	504753	S 33
518.6370000000	1.0000000000	518637	S 65
