onset	duration	sample	value
0.0000000000	n/a	0	boundary
2.4000000000	n/a	2400	boundary
7.5470000000	1.0000000000	7547	S 65
20.4130000000	1.0000000000	20413	S 32
33.1970000000	1.0000000000	33197	S 26
47.2630000000	1.0000000000	47263	S 65
59.8130000000	1.0000000000	59813	S 33
73.2290000000	1.0000000000	73229	S 27
86.6790000000	1.0000000000	86679	S 18
100.5120000000	1.0000000000	100512	S 33
114.0620000000	1.0000000000	114062	S 18
127.5290000000	1.0000000000	127529	S 26
140.2790000000	1.0000000000	140279	S 64
153.9280000000	1.0000000000	153928	S 26
167.3280000000	1.0000000000	167328	S 19
179.8280000000	1.0000000000	179828	S 65
193.9280000000	1.0000000000	193928	S 33
206.1780000000	1.0000000000	206178	S 19
220.0780000000	1.0000000000	220078	S 64
233.2610000000	1.0000000000	233261	S 65
245.6940000000	1.0000000000	245694	S 27
259.3770000000	1.0000000000	259377	S 18
272.0610000000	1.0000000000	272061	S 33
284.3940000000	1.0000000000	284394	S 27
297.8940000000	1.0000000000	297894	S 32
310.7940000000	1.0000000000	310794	S 26
324.1430000000	1.0000000000	324143	S 64
337.1600000000	1.0000000000	337160	S 26
351.2430000000	1.0000000000	351243	S 65
363.9260000000	1.0000000000	363926	S 64
376.9100000000	1.0000000000	376910	S 18
389.6260000000	1.0000000000	389626	S 27
403.5590000000	1.0000000000	403559	S 32
417.5090000000	1.0000000000	417509	S 19
431.5920000000	1.0000000000	431592	S 32
445.5590000000	1.0000000000	445559	S 64
458.5590000000	1.0000000000	458559	S 19
471.4590000000	1.0000000000	471459	S 32
484.3750000000	1.0000000000	484375	S 27
497.3750000000	1.0000000000	497375	S 18
510.3920000000	1.0000000000	510392	S 19
522.8250000000	1.0000000000	522825	S 33
