onset	duration	sample	value
0.0000000000	n/a	0	boundary
1.4000000000	n/a	1400	boundary
7.6330000000	1.0000000000	7633	S 27
21.7490000000	1.0000000000	21749	S 64
35.6150000000	1.0000000000	35615	S 32
48.0150000000	1.0000000000	48015	S 33
60.3990000000	1.0000000000	60399	S 26
74.0150000000	1.0000000000	74015	S 18
87.7320000000	1.0000000000	87732	S 26
100.7650000000	1.0000000000	100765	S 65
114.2150000000	1.0000000000	114215	S 65
126.8810000000	1.0000000000	126881	S 32
140.6310000000	1.0000000000	140631	S 19
153.9810000000	1.0000000000	153981	S 33
167.4470000000	1.0000000000	167447	S 26
181.5970000000	1.0000000000	181597	S 19
193.8470000000	1.0000000000	193847	S 65
206.2970000000	1.0000000000	206297	S 64
218.4970000000	1.0000000000	218497	S 64
231.5470000000	1.0000000000	231547	S 18
245.0460000000	1.0000000000	245046	S 18
258.9630000000	1.0000000000	258963	S 27
271.5800000000	1.0000000000	271580	S 32
285.2460000000	1.0000000000	285246	S 19
298.5290000000	1.0000000000	298529	S 64
311.4120000000	1.0000000000	311412	S 32
325.4290000000	1.0000000000	325429	S 65
338.5620000000	1.0000000000	338562	S 19
351.3620000000	1.0000000000	351362	S 26
364.5450000000	1.0000000000	364545	S 33
377.5450000000	1.0000000000	377545	S 27
390.0950000000	1.0000000000	390095	S 64
404.2450000000	1.0000000000	404245	S 27
418.1280000000	1.0000000000	418128	S 18
430.4940000000	1.0000000000	430494	S 33
443.1780000000	1.0000000000	443178	S 19
456.2270000000	1.0000000000	456227	S 26
468.4940000000	1.0000000000	468494	S 18
482.6440000000	1.0000000000	482644	S 27
496.5600000000	1.0000000000	496560	S 32
509.1770000000	1.0000000000	509177	S 33
522.0770000000	1.0000000000	522077	S 65
