onset	duration	sample	value
0.0000000000	n/a	0	boundary
6.0650000000	1.0000000000	6065	S 65
19.8650000000	1.0000000000	19865	S 32
33.2650000000	1.0000000000	33265	S 26
45.8320000000	1.0000000000	45832	S 65
59.3350000000	1.0000000000	59335	S 33
72.9150000000	1.0000000000	72915	S 27
85.1980000000	1.0000000000	85198	S 18
98.6980000000	1.0000000000	98698	S 33
111.7310000000	1.0000000000	111731	S 18
124.6480000000	1.0000000000	124648	S 26
138.3310000000	1.0000000000	138331	S 64
151.7310000000	1.0000000000	151731	S 26
165.7310000000	1.0000000000	165731	S 19
178.6140000000	1.0000000000	178614	S 65
192.0970000000	1.0000000000	192097	S 33
206.1800000000	1.0000000000	206180	S 19
219.0800000000	1.0000000000	219080	S 64
232.1470000000	1.0000000000	232147	S 65
244.9800000000	1.0000000000	244980	S 27
257.2130000000	1.0000000000	257213	S 18
270.1800000000	1.0000000000	270180	S 33
283.0460000000	1.0000000000	283046	S 27
296.3630000000	1.0000000000	296363	S 32
309.8960000000	1.0000000000	309896	S 26
323.3460000000	1.0000000000	323346	S 64
336.4960000000	1.0000000000	336496	S 26
349.0790000000	1.0000000000	349079	S 65
361.7450000000	1.0000000000	361745	S 64
375.1450000000	1.0000000000	375145	S 18
387.7620000000	1.0000000000	387762	S 27
400.7780000000	1.0000000000	400778	S 32
413.0120000000	1.0000000000	413012	S 19
427.1620000000	1.0000000000	427162	S 32
439.9110000000	1.0000000000	439911	S 64
453.2450000000	1.0000000000	453245	S 19
466.9780000000	1.0000000000	466978	S 32
480.5940000000	1.0000000000	480594	S 27
494.1110000000	1.0000000000	494111	S 18
507.7940000000	1.0000000000	507794	S 19
520.7610000000	1.0000000000	520761	S 33
