onset	duration	sample	value
0.0000000000	n/a	0	boundary
1.1400000000	n/a	1140	boundary
7.8070000000	1.0000000000	7807	S 65
20.8900000000	1.0000000000	20890	S 32
34.5070000000	1.0000000000	34507	S 26
48.5240000000	1.0000000000	48524	S 65
61.0570000000	1.0000000000	61057	S 33
73.6070000000	1.0000000000	73607	S 27
86.5570000000	1.0000000000	86557	S 18
99.9730000000	1.0000000000	99973	S 33
113.5060000000	1.0000000000	113506	S 18
126.7060000000	1.0000000000	126706	S 26
139.8560000000	1.0000000000	139856	S 64
153.6730000000	1.0000000000	153673	S 26
167.6890000000	1.0000000000	167689	S 19
180.9890000000	1.0000000000	180989	S 65
194.9050000000	1.0000000000	194905	S 33
207.7390000000	1.0000000000	207739	S 19
220.7720000000	1.0000000000	220772	S 64
233.6220000000	1.0000000000	233622	S 65
245.8220000000	1.0000000000	245822	S 27
259.7380000000	1.0000000000	259738	S 18
273.1380000000	1.0000000000	273138	S 33
285.3550000000	1.0000000000	285355	S 27
299.4210000000	1.0000000000	299421	S 32
313.0890000000	1.0000000000	313089	S 26
326.1380000000	1.0000000000	326138	S 64
338.5870000000	1.0000000000	338587	S 26
352.0540000000	1.0000000000	352054	S 65
366.0710000000	1.0000000000	366071	S 64
378.8040000000	1.0000000000	378804	S 18
393.0040000000	1.0000000000	393004	S 27
406.2870000000	1.0000000000	406287	S 32
419.9530000000	1.0000000000	419953	S 19
434.0530000000	1.0000000000	434053	S 32
447.8200000000	1.0000000000	447820	S 64
461.0860000000	1.0000000000	461086	S 19
473.8530000000	1.0000000000	473853	S 32
487.9190000000	1.0000000000	487919	S 27
500.4030000000	1.0000000000	500403	S 18
512.8690000000	1.0000000000	512869	S 19
526.7860000000	1.0000000000	526786	S 33
