onset	duration	sample	value
0.0000000000	n/a	0	boundary
1.3000000000	n/a	1300	boundary
7.0420000000	1.0000000000	7042	S 19
19.7580000000	1.0000000000	19758	S 26
32.5910000000	1.0000000000	32591	S 19
45.4910000000	1.0000000000	45491	S 65
59.0080000000	1.0000000000	59008	S 19
71.3240000000	1.0000000000	71324	S 33
84.2910000000	1.0000000000	84291	S 64
97.6740000000	1.0000000000	97674	S 26
110.8910000000	1.0000000000	110891	S 65
123.2410000000	1.0000000000	123241	S 18
136.5400000000	1.0000000000	136540	S 32
149.4400000000	1.0000000000	149440	S 32
161.9730000000	1.0000000000	161973	S 18
175.8070000000	1.0000000000	175807	S 32
189.0060000000	1.0000000000	189006	S 64
201.2730000000	1.0000000000	201273	S 26
214.0390000000	1.0000000000	214039	S 65
227.5890000000	1.0000000000	227589	S 19
240.2560000000	1.0000000000	240256	S 32
252.6390000000	1.0000000000	252639	S 27
265.1390000000	1.0000000000	265139	S 65
278.1550000000	1.0000000000	278155	S 27
290.6050000000	1.0000000000	290605	S 18
304.6550000000	1.0000000000	304655	S 33
318.6050000000	1.0000000000	318605	S 32
331.3210000000	1.0000000000	331321	S 26
343.6380000000	1.0000000000	343638	S 64
357.7040000000	1.0000000000	357704	S 19
371.1880000000	1.0000000000	371188	S 27
385.1370000000	1.0000000000	385137	S 33
398.3040000000	1.0000000000	398304	S 26
412.1870000000	1.0000000000	412187	S 18
424.7870000000	1.0000000000	424787	S 64
438.0210000000	1.0000000000	438021	S 27
451.5370000000	1.0000000000	451537	S 18
463.9370000000	1.0000000000	463937	S 33
476.1360000000	1.0000000000	476136	S 64
489.8860000000	1.0000000000	489886	S 33
502.2190000000	1.0000000000	502219	S 65
514.7360000000	1.0000000000	514736	S 27
