onset	duration	sample	value
0.0000000000	n/a	0	boundary
2.1400000000	n/a	2140	boundary
7.2410000000	1.0000000000	7241	S 65
20.6240000000	1.0000000000	20624	S 32
34.6080000000	1.0000000000	34608	S 26
48.5080000000	1.0000000000	48508	S 65
62.5910000000	1.0000000000	62591	S 33
75.7240000000	1.0000000000	75724	S 27
88.7070000000	1.0000000000	88707	S 18
101.7900000000	1.0000000000	101790	S 33
115.3740000000	1.0000000000	115374	S 18
129.3730000000	1.0000000000	129373	S 26
143.3740000000	1.0000000000	143374	S 64
156.8560000000	1.0000000000	156856	S 26
169.7900000000	1.0000000000	169790	S 19
182.1560000000	1.0000000000	182156	S 65
194.7390000000	1.0000000000	194739	S 33
208.7890000000	1.0000000000	208789	S 19
221.7230000000	1.0000000000	221723	S 64
235.5560000000	1.0000000000	235556	S 65
249.2720000000	1.0000000000	249272	S 27
261.5220000000	1.0000000000	261522	S 18
274.7890000000	1.0000000000	274789	S 33
287.1220000000	1.0000000000	287122	S 27
300.4380000000	1.0000000000	300438	S 32
314.0720000000	1.0000000000	314072	S 26
327.1380000000	1.0000000000	327138	S 64
339.9710000000	1.0000000000	339971	S 26
353.4380000000	1.0000000000	353438	S 65
365.6540000000	1.0000000000	365654	S 64
379.3040000000	1.0000000000	379304	S 18
392.9540000000	1.0000000000	392954	S 27
405.3040000000	1.0000000000	405304	S 32
417.4700000000	1.0000000000	417470	S 19
430.7370000000	1.0000000000	430737	S 32
444.6700000000	1.0000000000	444670	S 64
456.9530000000	1.0000000000	456953	S 19
470.3370000000	1.0000000000	470337	S 32
482.7860000000	1.0000000000	482786	S 27
496.3200000000	1.0000000000	496320	S 18
509.1030000000	1.0000000000	509103	S 19
521.5860000000	1.0000000000	521586	S 33
