onset	duration	sample	value
0.0000000000	n/a	0	boundary
6.1100000000	1.0000000000	6110	S 19
19.3100000000	1.0000000000	19310	S 26
32.6430000000	1.0000000000	32643	S 19
46.6930000000	1.0000000000	46693	S 65
59.8260000000	1.0000000000	59826	S 19
73.6260000000	1.0000000000	73626	S 33
86.6760000000	1.0000000000	86676	S 64
99.9090000000	1.0000000000	99909	S 26
113.8590000000	1.0000000000	113859	S 65
126.5090000000	1.0000000000	126509	S 18
139.3750000000	1.0000000000	139375	S 32
153.1920000000	1.0000000000	153192	S 32
166.7580000000	1.0000000000	166758	S 18
178.9580000000	1.0000000000	178958	S 32
192.0410000000	1.0000000000	192041	S 64
204.4250000000	1.0000000000	204425	S 26
218.1240000000	1.0000000000	218124	S 65
231.7910000000	1.0000000000	231791	S 19
244.4240000000	1.0000000000	244424	S 32
258.0740000000	1.0000000000	258074	S 27
270.6900000000	1.0000000000	270690	S 65
283.0740000000	1.0000000000	283074	S 27
296.8570000000	1.0000000000	296857	S 18
309.3900000000	1.0000000000	309390	S 33
322.1730000000	1.0000000000	322173	S 32
335.1060000000	1.0000000000	335106	S 26
348.3230000000	1.0000000000	348323	S 64
361.9390000000	1.0000000000	361939	S 19
375.7390000000	1.0000000000	375739	S 27
389.4890000000	1.0000000000	389489	S 33
403.1390000000	1.0000000000	403139	S 26
415.8550000000	1.0000000000	415855	S 18
429.8720000000	1.0000000000	429872	S 64
442.2050000000	1.0000000000	442205	S 27
455.8050000000	1.0000000000	455805	S 18
469.2880000000	1.0000000000	469288	S 33
482.3210000000	1.0000000000	482321	S 64
495.4380000000	1.0000000000	495438	S 33
507.9220000000	1.0000000000	507922	S 65
521.6540000000	1.0000000000	521654	S 27
