onset	duration	sample	value
0.0000000000	n/a	0	boundary
1.4000000000	n/a	1400	boundary
7.9690000000	1.0000000000	7969	S 65
20.9360000000	1.0000000000	20936	S 32
34.5690000000	1.0000000000	34569	S 26
47.3020000000	1.0000000000	47302	S 65
60.6020000000	1.0000000000	60602	S 33
73.9690000000	1.0000000000	73969	S 27
86.9850000000	1.0000000000	86985	S 18
100.7690000000	1.0000000000	100769	S 33
113.8850000000	1.0000000000	113885	S 18
126.3850000000	1.0000000000	126385	S 26
140.2680000000	1.0000000000	140268	S 64
154.3680000000	1.0000000000	154368	S 26
167.6680000000	1.0000000000	167668	S 19
181.7180000000	1.0000000000	181718	S 65
195.4510000000	1.0000000000	195451	S 33
209.3170000000	1.0000000000	209317	S 19
221.5010000000	1.0000000000	221501	S 64
233.9670000000	1.0000000000	233967	S 65
247.3500000000	1.0000000000	247350	S 27
260.5670000000	1.0000000000	260567	S 18
273.7170000000	1.0000000000	273717	S 33
287.2170000000	1.0000000000	287217	S 27
300.5830000000	1.0000000000	300583	S 32
312.9000000000	1.0000000000	312900	S 26
326.1660000000	1.0000000000	326166	S 64
338.4160000000	1.0000000000	338416	S 26
352.1660000000	1.0000000000	352166	S 65
364.4500000000	1.0000000000	364450	S 64
376.7160000000	1.0000000000	376716	S 18
389.9160000000	1.0000000000	389916	S 27
402.9820000000	1.0000000000	402982	S 32
416.6990000000	1.0000000000	416699	S 19
429.1490000000	1.0000000000	429149	S 32
441.6150000000	1.0000000000	441615	S 64
454.2980000000	1.0000000000	454298	S 19
467.0980000000	1.0000000000	467098	S 32
481.0480000000	1.0000000000	481048	S 27
494.5650000000	1.0000000000	494565	S 18
507.1140000000	1.0000000000	507114	S 19
519.5810000000	1.0000000000	519581	S 33
