onset	duration	sample	value
0.0000000000	n/a	0	boundary
7.3150000000	1.0000000000	7315	S 19
21.1980000000	1.0000000000	21198	S 26
33.6640000000	1.0000000000	33664	S 19
46.5980000000	1.0000000000	46598	S 65
59.5640000000	1.0000000000	59564	S 19
72.2810000000	1.0000000000	72281	S 33
85.8310000000	1.0000000000	85831	S 64
98.6800000000	1.0000000000	98680	S 26
110.9300000000	1.0000000000	110930	S 65
123.8630000000	1.0000000000	123863	S 18
137.6970000000	1.0000000000	137697	S 32
150.4300000000	1.0000000000	150430	S 32
163.7800000000	1.0000000000	163780	S 18
177.0130000000	1.0000000000	177013	S 32
190.9460000000	1.0000000000	190946	S 64
203.9960000000	1.0000000000	203996	S 26
217.5620000000	1.0000000000	217562	S 65
230.7450000000	1.0000000000	230745	S 19
242.9620000000	1.0000000000	242962	S 32
255.5120000000	1.0000000000	255512	S 27
268.6120000000	1.0000000000	268612	S 65
282.0950000000	1.0000000000	282095	S 27
295.7950000000	1.0000000000	295795	S 18
309.0780000000	1.0000000000	309078	S 33
322.7440000000	1.0000000000	322744	S 32
335.7780000000	1.0000000000	335778	S 26
348.7110000000	1.0000000000	348711	S 64
362.0610000000	1.0000000000	362061	S 19
375.6440000000	1.0000000000	375644	S 27
389.5440000000	1.0000000000	389544	S 33
402.6270000000	1.0000000000	402627	S 26
416.1430000000	1.0000000000	416143	S 18
429.0600000000	1.0000000000	429060	S 64
441.6600000000	1.0000000000	441660	S 27
453.9260000000	1.0000000000	453926	S 18
467.6930000000	1.0000000000	467693	S 33
480.1930000000	1.0000000000	480193	S 64
493.7760000000	1.0000000000	493776	S 33
507.7760000000	1.0000000000	507776	S 65
520.0590000000	1.0000000000	520059	S 27
