onset	duration	sample	value
0.0000000000	n/a	0	boundary
5.6840000000	1.0000000000	5684	S 65
19.3170000000	1.0000000000	19317	S 32
32.9840000000	1.0000000000	32984	S 26
45.7000000000	1.0000000000	45700	S 65
59.3170000000	1.0000000000	59317	S 33
72.8830000000	1.0000000000	72883	S 27
86.1670000000	1.0000000000	86167	S 18
100.1330000000	1.0000000000	100133	S 33
114.0160000000	1.0000000000	114016	S 18
126.7660000000	1.0000000000	126766	S 26
139.9490000000	1.0000000000	139949	S 64
153.5830000000	1.0000000000	153583	S 26
167.4990000000	1.0000000000	167499	S 19
180.1660000000	1.0000000000	180166	S 65
194.0150000000	1.0000000000	194015	S 33
208.1150000000	1.0000000000	208115	S 19
221.6150000000	1.0000000000	221615	S 64
234.0980000000	1.0000000000	234098	S 65
247.9150000000	1.0000000000	247915	S 27
260.2480000000	1.0000000000	260248	S 18
272.6810000000	1.0000000000	272681	S 33
285.0650000000	1.0000000000	285065	S 27
298.0980000000	1.0000000000	298098	S 32
311.7140000000	1.0000000000	311714	S 26
324.1140000000	1.0000000000	324114	S 64
337.7310000000	1.0000000000	337731	S 26
350.2970000000	1.0000000000	350297	S 65
362.5800000000	1.0000000000	362580	S 64
376.1970000000	1.0000000000	376197	S 18
388.8640000000	1.0000000000	388864	S 27
401.4140000000	1.0000000000	401414	S 32
414.3470000000	1.0000000000	414347	S 19
427.5800000000	1.0000000000	427580	S 32
440.9960000000	1.0000000000	440996	S 64
453.2130000000	1.0000000000	453213	S 19
466.9800000000	1.0000000000	466980	S 32
480.1960000000	1.0000000000	480196	S 27
492.8290000000	1.0000000000	492829	S 18
506.4290000000	1.0000000000	506429	S 19
518.6960000000	1.0000000000	518696	S 33
