onset	duration	sample	value
0.0000000000	n/a	0	boundary
1.0600000000	n/a	1060	boundary
8.3570000000	1.0000000000	8357	S 19
22.5240000000	1.0000000000	22524	S 26
35.2730000000	1.0000000000	35273	S 19
48.2400000000	1.0000000000	48240	S 65
61.9730000000	1.0000000000	61973	S 19
75.0730000000	1.0000000000	75073	S 33
88.9890000000	1.0000000000	88989	S 64
101.7560000000	1.0000000000	101756	S 26
114.7720000000	1.0000000000	114772	S 65
128.7720000000	1.0000000000	128772	S 18
142.0720000000	1.0000000000	142072	S 32
154.4220000000	1.0000000000	154422	S 32
168.0880000000	1.0000000000	168088	S 18
181.2880000000	1.0000000000	181288	S 32
194.9050000000	1.0000000000	194905	S 64
207.2880000000	1.0000000000	207288	S 26
221.0380000000	1.0000000000	221038	S 65
233.8040000000	1.0000000000	233804	S 19
247.2380000000	1.0000000000	247238	S 32
260.5210000000	1.0000000000	260521	S 27
273.1370000000	1.0000000000	273137	S 65
285.8040000000	1.0000000000	285804	S 27
298.0200000000	1.0000000000	298020	S 18
310.2700000000	1.0000000000	310270	S 33
324.3870000000	1.0000000000	324387	S 32
337.6700000000	1.0000000000	337670	S 26
351.7860000000	1.0000000000	351786	S 64
365.0030000000	1.0000000000	365003	S 19
378.8360000000	1.0000000000	378836	S 27
392.8860000000	1.0000000000	392886	S 33
405.4360000000	1.0000000000	405436	S 26
417.7190000000	1.0000000000	417719	S 18
431.7350000000	1.0000000000	431735	S 64
445.5520000000	1.0000000000	445552	S 27
459.1680000000	1.0000000000	459168	S 18
471.4510000000	1.0000000000	471451	S 33
483.7010000000	1.0000000000	483701	S 64
497.0840000000	1.0000000000	497084	S 33
510.4010000000	1.0000000000	510401	S 65
524.1680000000	1.0000000000	524168	S 27
