onset	duration	sample	value
0.0000000000	n/a	0	boundary
6.3180000000	1.0000000000	6318	S 27
19.8310000000	1.0000000000	19831	S 64
32.4810000000	1.0000000000	32481	S 32
45.0800000000	1.0000000000	45080	S 33
57.9470000000	1.0000000000	57947	S 26
71.4300000000	1.0000000000	71430	S 18
85.0460000000	1.0000000000	85046	S 26
97.3800000000	1.0000000000	97380	S 65
111.2290000000	1.0000000000	111229	S 65
124.7790000000	1.0000000000	124779	S 32
137.6790000000	1.0000000000	137679	S 19
151.6120000000	1.0000000000	151612	S 33
164.4120000000	1.0000000000	164412	S 26
176.7790000000	1.0000000000	176779	S 19
189.5450000000	1.0000000000	189545	S 65
203.3120000000	1.0000000000	203312	S 64
216.3450000000	1.0000000000	216345	S 64
229.8950000000	1.0000000000	229895	S 18
243.0110000000	1.0000000000	243011	S 18
256.1440000000	1.0000000000	256144	S 27
268.5110000000	1.0000000000	268511	S 32
282.2940000000	1.0000000000	282294	S 19
294.6600000000	1.0000000000	294660	S 64
307.3940000000	1.0000000000	307394	S 32
320.1600000000	1.0000000000	320160	S 65
333.4100000000	1.0000000000	333410	S 19
346.8760000000	1.0000000000	346876	S 26
360.1100000000	1.0000000000	360110	S 33
372.6760000000	1.0000000000	372676	S 27
386.7760000000	1.0000000000	386776	S 64
399.5260000000	1.0000000000	399526	S 27
413.2090000000	1.0000000000	413209	S 18
425.5250000000	1.0000000000	425525	S 33
438.0250000000	1.0000000000	438025	S 19
451.3080000000	1.0000000000	451308	S 26
464.4580000000	1.0000000000	464458	S 18
477.9080000000	1.0000000000	477908	S 27
492.0580000000	1.0000000000	492058	S 32
505.4410000000	1.0000000000	505441	S 33
517.6080000000	1.0000000000	517608	S 65
