onset	duration	sample	value
0.0000000000	n/a	0	boundary
7.7310000000	1.0000000000	7731	S 27
21.0810000000	1.0000000000	21081	S 64
35.0470000000	1.0000000000	35047	S 32
47.4800000000	1.0000000000	47480	S 33
59.9300000000	1.0000000000	59930	S 26
72.7470000000	1.0000000000	72747	S 18
85.2800000000	1.0000000000	85280	S 26
98.7630000000	1.0000000000	98763	S 65
111.5630000000	1.0000000000	111563	S 65
124.1460000000	1.0000000000	124146	S 32
136.3130000000	1.0000000000	136313	S 19
150.5130000000	1.0000000000	150513	S 33
163.4620000000	1.0000000000	163462	S 26
176.4120000000	1.0000000000	176412	S 19
189.2460000000	1.0000000000	189246	S 65
202.3950000000	1.0000000000	202395	S 64
215.7280000000	1.0000000000	215728	S 64
229.5280000000	1.0000000000	229528	S 18
241.8950000000	1.0000000000	241895	S 18
255.0280000000	1.0000000000	255028	S 27
267.8610000000	1.0000000000	267861	S 32
281.6940000000	1.0000000000	281694	S 19
294.5440000000	1.0000000000	294544	S 64
306.8270000000	1.0000000000	306827	S 32
320.0940000000	1.0000000000	320094	S 65
333.1940000000	1.0000000000	333194	S 19
346.9270000000	1.0000000000	346927	S 26
359.1270000000	1.0000000000	359127	S 33
372.3100000000	1.0000000000	372310	S 27
385.7100000000	1.0000000000	385710	S 64
398.3760000000	1.0000000000	398376	S 27
411.3100000000	1.0000000000	411310	S 18
424.9430000000	1.0000000000	424943	S 33
437.9260000000	1.0000000000	437926	S 19
450.5260000000	1.0000000000	450526	S 26
462.6920000000	1.0000000000	462692	S 18
475.6250000000	1.0000000000	475625	S 27
489.7090000000	1.0000000000	489709	S 32
503.6250000000	1.0000000000	503625	S 33
516.4750000000	1.0000000000	516475	S 65
