onset	duration	sample	value
0.0000000000	n/a	0	boundary
6.6870000000	1.0000000000	6687	S 19
20.2200000000	1.0000000000	20220	S 26
34.2370000000	1.0000000000	34237	S 19
47.3370000000	1.0000000000	47337	S 65
59.6700000000	1.0000000000	59670	S 19
72.7860000000	1.0000000000	72786	S 33
85.6030000000	1.0000000000	85603	S 64
98.9860000000	1.0000000000	98986	S 26
111.9860000000	1.0000000000	111986	S 65
124.7860000000	1.0000000000	124786	S 18
137.9190000000	1.0000000000	137919	S 32
151.2350000000	1.0000000000	151235	S 32
163.6020000000	1.0000000000	163602	S 18
177.5350000000	1.0000000000	177535	S 32
190.0180000000	1.0000000000	190018	S 64
203.4520000000	1.0000000000	203452	S 26
216.0350000000	1.0000000000	216035	S 65
228.4680000000	1.0000000000	228468	S 19
240.9850000000	1.0000000000	240985	S 32
254.0510000000	1.0000000000	254051	S 27
268.2010000000	1.0000000000	268201	S 65
281.7340000000	1.0000000000	281734	S 27
294.1510000000	1.0000000000	294151	S 18
307.5670000000	1.0000000000	307567	S 33
320.1840000000	1.0000000000	320184	S 32
334.2670000000	1.0000000000	334267	S 26
346.5340000000	1.0000000000	346534	S 64
359.4500000000	1.0000000000	359450	S 19
372.4830000000	1.0000000000	372483	S 27
386.4670000000	1.0000000000	386467	S 33
399.9660000000	1.0000000000	399966	S 26
413.7160000000	1.0000000000	413716	S 18
426.7330000000	1.0000000000	426733	S 64
440.2330000000	1.0000000000	440233	S 27
453.3990000000	1.0000000000	453399	S 18
466.8990000000	1.0000000000	466899	S 33
480.5660000000	1.0000000000	480566	S 64
493.5160000000	1.0000000000	493516	S 33
506.1490000000	1.0000000000	506149	S 65
518.7320000000	1.0000000000	518732	S 27
