onset	duration	sample	value
0.0000000000	n/a	0	boundary
2.4200000000	n/a	2420	boundary
9.6200000000	1.0000000000	9620	S 19
22.2030000000	1.0000000000	22203	S 26
35.6190000000	1.0000000000	35619	S 19
48.9690000000	1.0000000000	48969	S 65
61.2360000000	1.0000000000	61236	S 19
75.1190000000	1.0000000000	75119	S 33
88.2690000000	1.0000000000	88269	S 64
101.2020000000	1.0000000000	101202	S 26
113.5350000000	1.0000000000	113535	S 65
127.4850000000	1.0000000000	127485	S 18
139.6680000000	1.0000000000	139668	S 32
152.5510000000	1.0000000000	152551	S 32
165.1180000000	1.0000000000	165118	S 18
177.8180000000	1.0000000000	177818	S 32
190.7180000000	1.0000000000	190718	S 64
202.9680000000	1.0000000000	202968	S 26
215.5170000000	1.0000000000	215517	S 65
228.2840000000	1.0000000000	228284	S 19
242.3840000000	1.0000000000	242384	S 32
255.5340000000	1.0000000000	255534	S 27
268.1000000000	1.0000000000	268100	S 65
281.3830000000	1.0000000000	281383	S 27
293.9330000000	1.0000000000	293933	S 18
307.4160000000	1.0000000000	307416	S 33
321.5500000000	1.0000000000	321550	S 32
334.4830000000	1.0000000000	334483	S 26
347.3830000000	1.0000000000	347383	S 64
360.9330000000	1.0000000000	360933	S 19
375.0490000000	1.0000000000	375049	S 27
388.5820000000	1.0000000000	388582	S 33
401.1820000000	1.0000000000	401182	S 26
413.5320000000	1.0000000000	413532	S 18
426.1990000000	1.0000000000	426199	S 64
440.2320000000	1.0000000000	440232	S 27
452.8320000000	1.0000000000	452832	S 18
466.0480000000	1.0000000000	466048	S 33
479.9150000000	1.0000000000	479915	S 64
493.5810000000	1.0000000000	493581	S 33
506.8640000000	1.0000000000	506864	S 65
519.8140000000	1.0000000000	519814	S 27
