onset	duration	sample	value
0.0000000000	n/a	0	boundary
7.8000000000	1.0000000000	7800	S 27
20.9930000000	1.0000000000	20993	S 64
33.9430000000	1.0000000000	33943	S 32
46.8930000000	1.0000000000	46893	S 33
60.1590000000	1.0000000000	60159	S 26
73.6760000000	1.0000000000	73676	S 18
87.1090000000	1.0000000000	87109	S 26
99.8760000000	1.0000000000	99876	S 65
112.9920000000	1.0000000000	112992	S 65
125.6580000000	1.0000000000	125658	S 32
138.2580000000	1.0000000000	138258	S 19
151.4250000000	1.0000000000	151425	S 33
165.1080000000	1.0000000000	165108	S 26
177.8920000000	1.0000000000	177892	S 19
191.7910000000	1.0000000000	191791	S 65
204.0240000000	1.0000000000	204024	S 64
218.0070000000	1.0000000000	218007	S 64
230.2070000000	1.0000000000	230207	S 18
243.9400000000	1.0000000000	243940	S 18
256.4400000000	1.0000000000	256440	S 27
269.1070000000	1.0000000000	269107	S 32
281.2230000000	1.0000000000	281223	S 19
294.1900000000	1.0000000000	294190	S 64
306.7390000000	1.0000000000	306739	S 32
319.4890000000	1.0000000000	319489	S 65
332.9060000000	1.0000000000	332906	S 19
346.5220000000	1.0000000000	346522	S 26
360.3390000000	1.0000000000	360339	S 33
374.1060000000	1.0000000000	374106	S 27
387.2390000000	1.0000000000	387239	S 64
401.2720000000	1.0000000000	401272	S 27
414.4550000000	1.0000000000	414455	S 18
428.0380000000	1.0000000000	428038	S 33
440.3380000000	1.0000000000	440338	S 19
453.2210000000	1.0000000000	453221	S 26
466.0710000000	1.0000000000	466071	S 18
479.0210000000	1.0000000000	479021	S 27
491.7710000000	1.0000000000	491771	S 32
505.6540000000	1.0000000000	505654	S 33
518.6870000000	1.0000000000	518687	S 65
