onset	duration	sample	value
0.0000000000	n/a	0	boundary
7.0540000000	1.0000000000	7054	S 19
20.6370000000	1.0000000000	20637	S 26
34.2200000000	1.0000000000	34220	S 19
47.8530000000	1.0000000000	47853	S 65
61.9700000000	1.0000000000	61970	S 19
74.6690000000	1.0000000000	74669	S 33
87.6030000000	1.0000000000	87603	S 64
99.9030000000	1.0000000000	99903	S 26
113.6690000000	1.0000000000	113669	S 65
126.3520000000	1.0000000000	126352	S 18
139.6850000000	1.0000000000	139685	S 32
153.5690000000	1.0000000000	153569	S 32
166.9690000000	1.0000000000	166969	S 18
179.4850000000	1.0000000000	179485	S 32
192.4020000000	1.0000000000	192402	S 64
205.4680000000	1.0000000000	205468	S 26
217.6680000000	1.0000000000	217668	S 65
231.1680000000	1.0000000000	231168	S 19
244.2510000000	1.0000000000	244251	S 32
257.8010000000	1.0000000000	257801	S 27
271.4170000000	1.0000000000	271417	S 65
283.7010000000	1.0000000000	283701	S 27
296.0170000000	1.0000000000	296017	S 18
308.3000000000	1.0000000000	308300	S 33
320.6170000000	1.0000000000	320617	S 32
333.3670000000	1.0000000000	333367	S 26
346.7000000000	1.0000000000	346700	S 64
360.5660000000	1.0000000000	360566	S 19
373.6330000000	1.0000000000	373633	S 27
387.7660000000	1.0000000000	387766	S 33
400.8160000000	1.0000000000	400816	S 26
414.4320000000	1.0000000000	414432	S 18
426.9490000000	1.0000000000	426949	S 64
440.5820000000	1.0000000000	440582	S 27
453.9820000000	1.0000000000	453982	S 18
467.1320000000	1.0000000000	467132	S 33
479.8320000000	1.0000000000	479832	S 64
492.8980000000	1.0000000000	492898	S 33
505.1150000000	1.0000000000	505115	S 65
518.2980000000	1.0000000000	518298	S 27
