onset	duration	sample	value
0.0000000000	n/a	0	boundary
1.0800000000	n/a	1080	boundary
8.8790000000	1.0000000000	8879	S 27
22.3290000000	1.0000000000	22329	S 64
36.3120000000	1.0000000000	36312	S 32
49.3450000000	1.0000000000	49345	S 33
62.9780000000	1.0000000000	62978	S 26
77.0450000000	1.0000000000	77045	S 18
90.8450000000	1.0000000000	90845	S 26
103.0280000000	1.0000000000	103028	S 65
117.1110000000	1.0000000000	117111	S 65
130.1440000000	1.0000000000	130144	S 32
143.4770000000	1.0000000000	143477	S 19
155.9770000000	1.0000000000	155977	S 33
169.5100000000	1.0000000000	169510	S 26
182.9100000000	1.0000000000	182910	S 19
195.4600000000	1.0000000000	195460	S 65
208.8100000000	1.0000000000	208810	S 64
222.8100000000	1.0000000000	222810	S 64
236.4260000000	1.0000000000	236426	S 18
249.7260000000	1.0000000000	249726	S 18
262.1760000000	1.0000000000	262176	S 27
275.5760000000	1.0000000000	275576	S 32
288.2420000000	1.0000000000	288242	S 19
300.5750000000	1.0000000000	300575	S 64
314.1920000000	1.0000000000	314192	S 32
326.6090000000	1.0000000000	326609	S 65
340.4250000000	1.0000000000	340425	S 19
353.1080000000	1.0000000000	353108	S 26
366.4410000000	1.0000000000	366441	S 33
380.4410000000	1.0000000000	380441	S 27
394.4080000000	1.0000000000	394408	S 64
407.0410000000	1.0000000000	407041	S 27
419.2910000000	1.0000000000	419291	S 18
432.1240000000	1.0000000000	432124	S 33
445.1570000000	1.0000000000	445157	S 19
458.4570000000	1.0000000000	458457	S 26
470.9240000000	1.0000000000	470924	S 18
485.0230000000	1.0000000000	485023	S 27
497.6900000000	1.0000000000	497690	S 32
510.5230000000	1.0000000000	510523	S 33
523.3900000000	1.0000000000	523390	S 65
