onset	duration	sample	value
0.0000000000	n/a	0	boundary
1.4600000000	n/a	1460	boundary
6.7490000000	1.0000000000	6749	S 65
19.9660000000	1.0000000000	19966	S 32
32.9500000000	1.0000000000	32950	S 26
46.6150000000	1.0000000000	46615	S 65
59.0650000000	1.0000000000	59065	S 33
72.5480000000	1.0000000000	72548	S 27
86.0810000000	1.0000000000	86081	S 18
99.0980000000	1.0000000000	99098	S 33
111.2810000000	1.0000000000	111281	S 18
124.7310000000	1.0000000000	124731	S 26
138.6810000000	1.0000000000	138681	S 64
151.6140000000	1.0000000000	151614	S 26
163.8970000000	1.0000000000	163897	S 19
177.9800000000	1.0000000000	177980	S 65
191.9640000000	1.0000000000	191964	S 33
205.9130000000	1.0000000000	205913	S 19
218.4130000000	1.0000000000	218413	S 64
231.3800000000	1.0000000000	231380	S 65
245.2300000000	1.0000000000	245230	S 27
259.1960000000	1.0000000000	259196	S 18
272.5630000000	1.0000000000	272563	S 33
286.2290000000	1.0000000000	286229	S 27
298.4300000000	1.0000000000	298430	S 32
311.8290000000	1.0000000000	311829	S 26
324.5450000000	1.0000000000	324545	S 64
336.7790000000	1.0000000000	336779	S 26
350.7780000000	1.0000000000	350778	S 65
363.6280000000	1.0000000000	363628	S 64
377.2610000000	1.0000000000	377261	S 18
390.2280000000	1.0000000000	390228	S 27
403.7110000000	1.0000000000	403711	S 32
416.0440000000	1.0000000000	416044	S 19
428.9440000000	1.0000000000	428944	S 32
442.8110000000	1.0000000000	442811	S 64
456.3770000000	1.0000000000	456377	S 19
470.5770000000	1.0000000000	470577	S 32
484.1100000000	1.0000000000	484110	S 27
498.1600000000	1.0000000000	498160	S 18
511.7600000000	1.0000000000	511760	S 19
523.9600000000	1.0000000000	523960	S 33
