onset	duration	sample	value
0.0000000000	n/a	0	boundary
1.3000000000	n/a	1300	boundary
3.0800000000	n/a	3080	boundary
8.8320000000	1.0000000000	8832	S 27
22.5150000000	1.0000000000	22515	S 64
34.9650000000	1.0000000000	34965	S 32
48.0980000000	1.0000000000	48098	S 33
60.6810000000	1.0000000000	60681	S 26
74.7640000000	1.0000000000	74764	S 18
88.3980000000	1.0000000000	88398	S 26
102.5140000000	1.0000000000	102514	S 65
115.1140000000	1.0000000000	115114	S 65
128.6470000000	1.0000000000	128647	S 32
142.0810000000	1.0000000000	142081	S 19
154.7140000000	1.0000000000	154714	S 33
167.6640000000	1.0000000000	167664	S 26
181.3300000000	1.0000000000	181330	S 19
194.7630000000	1.0000000000	194763	S 65
207.4970000000	1.0000000000	207497	S 64
220.2130000000	1.0000000000	220213	S 64
233.2960000000	1.0000000000	233296	S 18
245.6290000000	1.0000000000	245629	S 18
258.0460000000	1.0000000000	258046	S 27
271.9460000000	1.0000000000	271946	S 32
284.7460000000	1.0000000000	284746	S 19
298.0790000000	1.0000000000	298079	S 64
311.8960000000	1.0000000000	311896	S 32
325.2950000000	1.0000000000	325295	S 65
338.6620000000	1.0000000000	338662	S 19
352.2950000000	1.0000000000	352295	S 26
365.3120000000	1.0000000000	365312	S 33
378.1280000000	1.0000000000	378128	S 27
391.5120000000	1.0000000000	391512	S 64
405.5280000000	1.0000000000	405528	S 27
419.2130000000	1.0000000000	419213	S 18
432.2440000000	1.0000000000	432244	S 33
445.2280000000	1.0000000000	445228	S 19
457.6110000000	1.0000000000	457611	S 26
470.9940000000	1.0000000000	470994	S 18
483.4770000000	1.0000000000	483477	S 27
496.3110000000	1.0000000000	496311	S 32
509.2270000000	1.0000000000	509227	S 33
521.4440000000	1.0000000000	521444	S 65
