onset	duration	sample	value
0.0000000000	n/a	0	boundary
1.6400000000	n/a	1640	boundary
7.3920000000	1.0000000000	7392	S 27
19.9420000000	1.0000000000	19942	S 64
34.0590000000	1.0000000000	34059	S 32
47.2420000000	1.0000000000	47242	S 33
60.4580000000	1.0000000000	60458	S 26
73.9750000000	1.0000000000	73975	S 18
86.2750000000	1.0000000000	86275	S 26
98.8740000000	1.0000000000	98874	S 65
111.6910000000	1.0000000000	111691	S 65
125.6570000000	1.0000000000	125657	S 32
139.3240000000	1.0000000000	139324	S 19
152.7900000000	1.0000000000	152790	S 33
165.3570000000	1.0000000000	165357	S 26
177.9240000000	1.0000000000	177924	S 19
191.4730000000	1.0000000000	191473	S 65
204.6230000000	1.0000000000	204623	S 64
217.3060000000	1.0000000000	217306	S 64
229.8560000000	1.0000000000	229856	S 18
243.0730000000	1.0000000000	243073	S 18
255.9390000000	1.0000000000	255939	S 27
268.6390000000	1.0000000000	268639	S 32
282.4060000000	1.0000000000	282406	S 19
295.6720000000	1.0000000000	295672	S 64
309.0720000000	1.0000000000	309072	S 32
323.1220000000	1.0000000000	323122	S 65
336.1880000000	1.0000000000	336188	S 19
349.0380000000	1.0000000000	349038	S 26
362.9210000000	1.0000000000	362921	S 33
375.1880000000	1.0000000000	375188	S 27
388.1210000000	1.0000000000	388121	S 64
401.7880000000	1.0000000000	401788	S 27
414.4540000000	1.0000000000	414454	S 18
428.4210000000	1.0000000000	428421	S 33
440.9540000000	1.0000000000	440954	S 19
453.8870000000	1.0000000000	453887	S 26
467.8200000000	1.0000000000	467820	S 18
480.7870000000	1.0000000000	480787	S 27
493.0200000000	1.0000000000	493020	S 32
506.0700000000	1.0000000000	506070	S 33
519.2360000000	1.0000000000	519236	S 65
