onset	duration	sample	value
0.0000000000	n/a	0	boundary
1.4400000000	n/a	1440	boundary
10.6410000000	1.0000000000	10641	S 27
23.4570000000	1.0000000000	23457	S 64
36.8570000000	1.0000000000	36857	S 32
50.2070000000	1.0000000000	50207	S 33
63.6570000000	1.0000000000	63657	S 26
76.4740000000	1.0000000000	76474	S 18
90.2900000000	1.0000000000	90290	S 26
103.2070000000	1.0000000000	103207	S 65
116.6400000000	1.0000000000	116640	S 65
130.7230000000	1.0000000000	130723	S 32
144.3390000000	1.0000000000	144339	S 19
158.4060000000	1.0000000000	158406	S 33
170.6720000000	1.0000000000	170672	S 26
182.8560000000	1.0000000000	182856	S 19
195.2720000000	1.0000000000	195272	S 65
207.4220000000	1.0000000000	207422	S 64
220.2220000000	1.0000000000	220222	S 64
232.6050000000	1.0000000000	232605	S 18
246.1880000000	1.0000000000	246188	S 18
259.3380000000	1.0000000000	259338	S 27
273.0210000000	1.0000000000	273021	S 32
286.1380000000	1.0000000000	286138	S 19
299.2540000000	1.0000000000	299254	S 64
311.5210000000	1.0000000000	311521	S 32
324.8040000000	1.0000000000	324804	S 65
337.5710000000	1.0000000000	337571	S 19
350.7700000000	1.0000000000	350770	S 26
364.7540000000	1.0000000000	364754	S 33
377.6200000000	1.0000000000	377620	S 27
391.1700000000	1.0000000000	391170	S 64
403.3530000000	1.0000000000	403353	S 27
415.6030000000	1.0000000000	415603	S 18
428.2860000000	1.0000000000	428286	S 33
440.4360000000	1.0000000000	440436	S 19
453.2360000000	1.0000000000	453236	S 26
466.7030000000	1.0000000000	466703	S 18
479.9030000000	1.0000000000	479903	S 27
493.4020000000	1.0000000000	493402	S 32
506.2690000000	1.0000000000	506269	S 33
518.6850000000	1.0000000000	518685	S 65
