onset	duration	sample	value
0.0000000000	n/a	0	boundary
1.2200000000	n/a	1220	boundary
12.3150000000	1.0000000000	12315	S 65
24.7310000000	1.0000000000	24731	S 32
38.0990000000	1.0000000000	38099	S 26
52.0810000000	1.0000000000	52081	S 65
65.5310000000	1.0000000000	65531	S 33
77.7810000000	1.0000000000	77781	S 27
91.3480000000	1.0000000000	91348	S 18
105.0970000000	1.0000000000	105097	S 33
118.3640000000	1.0000000000	118364	S 18
131.2470000000	1.0000000000	131247	S 26
145.2130000000	1.0000000000	145213	S 64
158.1630000000	1.0000000000	158163	S 26
171.9960000000	1.0000000000	171996	S 19
185.6460000000	1.0000000000	185646	S 65
198.2630000000	1.0000000000	198263	S 33
212.2960000000	1.0000000000	212296	S 19
224.7460000000	1.0000000000	224746	S 64
237.1460000000	1.0000000000	237146	S 65
250.1960000000	1.0000000000	250196	S 27
264.1790000000	1.0000000000	264179	S 18
276.4620000000	1.0000000000	276462	S 33
290.2620000000	1.0000000000	290262	S 27
302.6120000000	1.0000000000	302612	S 32
316.7950000000	1.0000000000	316795	S 26
330.4620000000	1.0000000000	330462	S 64
344.5280000000	1.0000000000	344528	S 26
357.0450000000	1.0000000000	357045	S 65
369.4280000000	1.0000000000	369428	S 64
382.9280000000	1.0000000000	382928	S 18
397.1110000000	1.0000000000	397111	S 27
409.7940000000	1.0000000000	409794	S 32
422.8940000000	1.0000000000	422894	S 19
436.7940000000	1.0000000000	436794	S 32
450.7940000000	1.0000000000	450794	S 64
464.5270000000	1.0000000000	464527	S 19
477.9940000000	1.0000000000	477994	S 32
490.3100000000	1.0000000000	490310	S 27
502.9270000000	1.0000000000	502927	S 18
516.9930000000	1.0000000000	516993	S 19
530.0100000000	1.0000000000	530010	S 33
