onset	duration	sample	value
0.0000000000	n/a	0	boundary
1.2200000000	n/a	1220	boundary
8.1700000000	1.0000000000	8170	S 27
21.5310000000	1.0000000000	21531	S 64
34.7810000000	1.0000000000	34781	S 32
48.1480000000	1.0000000000	48148	S 33
62.0810000000	1.0000000000	62081	S 26
75.8140000000	1.0000000000	75814	S 18
90.0140000000	1.0000000000	90014	S 26
103.6470000000	1.0000000000	103647	S 65
116.4630000000	1.0000000000	116463	S 65
130.3630000000	1.0000000000	130363	S 32
143.8470000000	1.0000000000	143847	S 19
158.0300000000	1.0000000000	158030	S 33
170.9800000000	1.0000000000	170980	S 26
184.0790000000	1.0000000000	184079	S 19
197.4130000000	1.0000000000	197413	S 65
210.8460000000	1.0000000000	210846	S 64
223.7120000000	1.0000000000	223712	S 64
235.9460000000	1.0000000000	235946	S 18
248.4790000000	1.0000000000	248479	S 18
261.3120000000	1.0000000000	261312	S 27
273.9950000000	1.0000000000	273995	S 32
287.5950000000	1.0000000000	287595	S 19
299.8780000000	1.0000000000	299878	S 64
312.7780000000	1.0000000000	312778	S 32
326.4280000000	1.0000000000	326428	S 65
339.6950000000	1.0000000000	339695	S 19
353.0110000000	1.0000000000	353011	S 26
365.3940000000	1.0000000000	365394	S 33
377.6610000000	1.0000000000	377661	S 27
391.5770000000	1.0000000000	391577	S 64
404.4770000000	1.0000000000	404477	S 27
418.1440000000	1.0000000000	418144	S 18
431.3600000000	1.0000000000	431360	S 33
445.3600000000	1.0000000000	445360	S 19
459.5270000000	1.0000000000	459527	S 26
472.5270000000	1.0000000000	472527	S 18
485.3930000000	1.0000000000	485393	S 27
498.9930000000	1.0000000000	498993	S 32
511.3100000000	1.0000000000	511310	S 33
524.2090000000	1.0000000000	524209	S 65
