onset	duration	sample	value
0.0000000000	n/a	0	boundary
2.0200000000	n/a	2020	boundary
7.9580000000	1.0000000000	7958	S 65
20.1250000000	1.0000000000	20125	S 32
33.4250000000	1.0000000000	33425	S 26
46.5250000000	1.0000000000	46525	S 65
60.4080000000	1.0000000000	60408	S 33
72.6240000000	1.0000000000	72624	S 27
86.6410000000	1.0000000000	86641	S 18
99.5740000000	1.0000000000	99574	S 33
112.4740000000	1.0000000000	112474	S 18
125.6740000000	1.0000000000	125674	S 26
139.0740000000	1.0000000000	139074	S 64
151.8400000000	1.0000000000	151840	S 26
165.9070000000	1.0000000000	165907	S 19
179.5900000000	1.0000000000	179590	S 65
192.1060000000	1.0000000000	192106	S 33
205.2400000000	1.0000000000	205240	S 19
217.6060000000	1.0000000000	217606	S 64
231.1730000000	1.0000000000	231173	S 65
245.3220000000	1.0000000000	245322	S 27
257.8060000000	1.0000000000	257806	S 18
271.2220000000	1.0000000000	271222	S 33
285.1390000000	1.0000000000	285139	S 27
298.0550000000	1.0000000000	298055	S 32
311.8220000000	1.0000000000	311822	S 26
325.7380000000	1.0000000000	325738	S 64
338.7880000000	1.0000000000	338788	S 26
351.8710000000	1.0000000000	351871	S 65
365.7210000000	1.0000000000	365721	S 64
379.2710000000	1.0000000000	379271	S 18
393.4540000000	1.0000000000	393454	S 27
407.3870000000	1.0000000000	407387	S 32
420.2710000000	1.0000000000	420271	S 19
433.8040000000	1.0000000000	433804	S 32
446.2870000000	1.0000000000	446287	S 64
459.2040000000	1.0000000000	459204	S 19
472.1200000000	1.0000000000	472120	S 32
485.1200000000	1.0000000000	485120	S 27
498.1700000000	1.0000000000	498170	S 18
511.5700000000	1.0000000000	511570	S 19
524.0530000000	1.0000000000	524053	S 33
