onset	duration	sample	value
0.0000000000	n/a	0	boundary
6.5910000000	1.0000000000	6591	S 27
18.7410000000	1.0000000000	18741	S 64
32.5410000000	1.0000000000	32541	S 32
44.8410000000	1.0000000000	44841	S 33
58.4740000000	1.0000000000	58474	S 26
70.9740000000	1.0000000000	70974	S 18
84.5900000000	1.0000000000	84590	S 26
97.5400000000	1.0000000000	97540	S 65
110.6400000000	1.0000000000	110640	S 65
123.0400000000	1.0000000000	123040	S 32
136.5730000000	1.0000000000	136573	S 19
150.2230000000	1.0000000000	150223	S 33
163.7390000000	1.0000000000	163739	S 26
176.7560000000	1.0000000000	176756	S 19
189.0720000000	1.0000000000	189072	S 65
201.3890000000	1.0000000000	201389	S 64
215.1890000000	1.0000000000	215189	S 64
228.5390000000	1.0000000000	228539	S 18
240.7720000000	1.0000000000	240772	S 18
255.0380000000	1.0000000000	255038	S 27
268.5380000000	1.0000000000	268538	S 32
280.7210000000	1.0000000000	280721	S 19
293.4550000000	1.0000000000	293455	S 64
306.2880000000	1.0000000000	306288	S 32
318.8710000000	1.0000000000	318871	S 65
331.8370000000	1.0000000000	331837	S 19
345.6550000000	1.0000000000	345655	S 26
359.2870000000	1.0000000000	359287	S 33
373.4540000000	1.0000000000	373454	S 27
386.3200000000	1.0000000000	386320	S 64
399.4030000000	1.0000000000	399403	S 27
412.2870000000	1.0000000000	412287	S 18
425.4700000000	1.0000000000	425470	S 33
439.0700000000	1.0000000000	439070	S 19
452.9360000000	1.0000000000	452936	S 26
466.2360000000	1.0000000000	466236	S 18
479.2190000000	1.0000000000	479219	S 27
492.7020000000	1.0000000000	492702	S 32
506.5190000000	1.0000000000	506519	S 33
519.1020000000	1.0000000000	519102	S 65
