onset	duration	sample	value
0.0000000000	n/a	0	boundary
1.4000000000	n/a	1400	boundary
6.7720000000	1.0000000000	6772	S 27
19.7380000000	1.0000000000	19738	S 64
32.1710000000	1.0000000000	32171	S 32
45.8380000000	1.0000000000	45838	S 33
59.4540000000	1.0000000000	59454	S 26
72.0370000000	1.0000000000	72037	S 18
85.0370000000	1.0000000000	85037	S 26
98.7870000000	1.0000000000	98787	S 65
111.7370000000	1.0000000000	111737	S 65
124.2040000000	1.0000000000	124204	S 32
136.7700000000	1.0000000000	136770	S 19
150.7370000000	1.0000000000	150737	S 33
163.9360000000	1.0000000000	163936	S 26
177.4530000000	1.0000000000	177453	S 19
189.9860000000	1.0000000000	189986	S 65
202.2530000000	1.0000000000	202253	S 64
214.4530000000	1.0000000000	214453	S 64
227.2860000000	1.0000000000	227286	S 18
239.7860000000	1.0000000000	239786	S 18
253.8520000000	1.0000000000	253852	S 27
267.0020000000	1.0000000000	267002	S 32
280.6190000000	1.0000000000	280619	S 19
294.1850000000	1.0000000000	294185	S 64
306.3850000000	1.0000000000	306385	S 32
319.4520000000	1.0000000000	319452	S 65
332.2350000000	1.0000000000	332235	S 19
345.4510000000	1.0000000000	345451	S 26
358.6010000000	1.0000000000	358601	S 33
371.2680000000	1.0000000000	371268	S 27
384.5840000000	1.0000000000	384584	S 64
398.3340000000	1.0000000000	398334	S 27
411.3510000000	1.0000000000	411351	S 18
425.2170000000	1.0000000000	425217	S 33
438.1670000000	1.0000000000	438167	S 19
451.0340000000	1.0000000000	451034	S 26
464.9500000000	1.0000000000	464950	S 18
477.7000000000	1.0000000000	477700	S 27
490.4830000000	1.0000000000	490483	S 32
504.0330000000	1.0000000000	504033	S 33
517.6500000000	1.0000000000	517650	S 65
