onset	duration	sample	value
0.0000000000	n/a	0	boundary
1.2600000000	n/a	1260	boundary
7.5080000000	1.0000000000	7508	S 19
20.3580000000	1.0000000000	20358	S 26
33.2740000000	1.0000000000	33274	S 19
46.3910000000	1.0000000000	46391	S 65
60.2410000000	1.0000000000	60241	S 19
72.8410000000	1.0000000000	72841	S 33
86.1900000000	1.0000000000	86190	S 64
98.4900000000	1.0000000000	98490	S 26
112.6240000000	1.0000000000	112624	S 65
125.7900000000	1.0000000000	125790	S 18
139.8400000000	1.0000000000	139840	S 32
152.7560000000	1.0000000000	152756	S 32
165.4560000000	1.0000000000	165456	S 18
178.2890000000	1.0000000000	178289	S 32
191.7570000000	1.0000000000	191757	S 64
204.7890000000	1.0000000000	204789	S 26
217.9060000000	1.0000000000	217906	S 65
231.2390000000	1.0000000000	231239	S 19
245.3720000000	1.0000000000	245372	S 32
258.5220000000	1.0000000000	258522	S 27
270.6890000000	1.0000000000	270689	S 65
284.5560000000	1.0000000000	284556	S 27
298.0380000000	1.0000000000	298038	S 18
311.0380000000	1.0000000000	311038	S 33
325.1380000000	1.0000000000	325138	S 32
338.1710000000	1.0000000000	338171	S 26
352.0380000000	1.0000000000	352038	S 64
365.5040000000	1.0000000000	365504	S 19
379.6370000000	1.0000000000	379637	S 27
392.1210000000	1.0000000000	392121	S 33
406.2370000000	1.0000000000	406237	S 26
419.9040000000	1.0000000000	419904	S 18
432.1370000000	1.0000000000	432137	S 64
445.9200000000	1.0000000000	445920	S 27
459.7530000000	1.0000000000	459753	S 18
473.5360000000	1.0000000000	473536	S 33
487.5700000000	1.0000000000	487570	S 64
500.5690000000	1.0000000000	500569	S 33
514.1530000000	1.0000000000	514153	S 65
527.2360000000	1.0000000000	527236	S 27
