onset	duration	sample	value
0.0000000000	n/a	0	boundary
1.3600000000	n/a	1360	boundary
8.6240000000	1.0000000000	8624	S 27
21.8220000000	1.0000000000	21822	S 64
35.5720000000	1.0000000000	35572	S 32
47.7720000000	1.0000000000	47772	S 33
61.7720000000	1.0000000000	61772	S 26
75.3880000000	1.0000000000	75388	S 18
89.1550000000	1.0000000000	89155	S 26
102.5210000000	1.0000000000	102521	S 65
115.0710000000	1.0000000000	115071	S 65
128.1540000000	1.0000000000	128154	S 32
141.6540000000	1.0000000000	141654	S 19
154.0040000000	1.0000000000	154004	S 33
166.6040000000	1.0000000000	166604	S 26
180.4370000000	1.0000000000	180437	S 19
193.6040000000	1.0000000000	193604	S 65
207.0540000000	1.0000000000	207054	S 64
220.0040000000	1.0000000000	220004	S 64
233.1870000000	1.0000000000	233187	S 18
246.1200000000	1.0000000000	246120	S 18
258.5700000000	1.0000000000	258570	S 27
271.5200000000	1.0000000000	271520	S 32
285.4190000000	1.0000000000	285419	S 19
298.6860000000	1.0000000000	298686	S 64
312.0020000000	1.0000000000	312002	S 32
325.0860000000	1.0000000000	325086	S 65
337.9690000000	1.0000000000	337969	S 19
352.0690000000	1.0000000000	352069	S 26
365.6690000000	1.0000000000	365669	S 33
378.6850000000	1.0000000000	378685	S 27
392.1180000000	1.0000000000	392118	S 64
404.3850000000	1.0000000000	404385	S 27
417.6510000000	1.0000000000	417651	S 18
430.5180000000	1.0000000000	430518	S 33
443.6350000000	1.0000000000	443635	S 19
456.0340000000	1.0000000000	456034	S 26
469.1170000000	1.0000000000	469117	S 18
483.1510000000	1.0000000000	483151	S 27
496.0510000000	1.0000000000	496051	S 32
509.6500000000	1.0000000000	509650	S 33
523.1500000000	1.0000000000	523150	S 65
