onset	duration	sample	value
0.0000000000	n/a	0	boundary
28.0840000000	1.0000000000	28084	S 27
41.0160000000	1.0000000000	41016	S 64
54.7650000000	1.0000000000	54765	S 32
67.2150000000	1.0000000000	67215	S 33
80.9980000000	1.0000000000	80998	S 26
93.9150000000	1.0000000000	93915	S 18
107.3650000000	1.0000000000	107365	S 26
121.0650000000	1.0000000000	121065	S 65
134.2980000000	1.0000000000	134298	S 65
148.1810000000	1.0000000000	148181	S 32
160.3480000000	1.0000000000	160348	S 19
174.3310000000	1.0000000000	174331	S 33
186.8810000000	1.0000000000	186881	S 26
200.8640000000	1.0000000000	200864	S 19
214.5640000000	1.0000000000	214564	S 65
228.1970000000	1.0000000000	228197	S 64
240.9300000000	1.0000000000	240930	S 64
253.7470000000	1.0000000000	253747	S 18
266.9300000000	1.0000000000	266930	S 18
279.9630000000	1.0000000000	279963	S 27
292.8460000000	1.0000000000	292846	S 32
305.8790000000	1.0000000000	305879	S 19
319.6960000000	1.0000000000	319696	S 64
331.9290000000	1.0000000000	331929	S 32
344.6950000000	1.0000000000	344695	S 65
357.6790000000	1.0000000000	357679	S 19
369.9450000000	1.0000000000	369945	S 26
383.4620000000	1.0000000000	383462	S 33
397.6450000000	1.0000000000	397645	S 27
411.4110000000	1.0000000000	411411	S 64
424.7610000000	1.0000000000	424761	S 27
437.4610000000	1.0000000000	437461	S 18
450.6610000000	1.0000000000	450661	S 33
464.5110000000	1.0000000000	464511	S 19
477.0110000000	1.0000000000	477011	S 26
490.8940000000	1.0000000000	490894	S 18
504.8770000000	1.0000000000	504877	S 27
518.3100000000	1.0000000000	518310	S 32
532.3770000000	1.0000000000	532377	S 33
545.8430000000	1.0000000000	545843	S 65
