onset	duration	sample	value
0.0000000000	n/a	0	boundary
1.0200000000	n/a	1020	boundary
7.8180000000	1.0000000000	7818	S 65
20.3010000000	1.0000000000	20301	S 32
32.8340000000	1.0000000000	32834	S 26
46.6010000000	1.0000000000	46601	S 65
60.6510000000	1.0000000000	60651	S 33
73.2670000000	1.0000000000	73267	S 27
85.6500000000	1.0000000000	85650	S 18
98.2170000000	1.0000000000	98217	S 33
110.4330000000	1.0000000000	110433	S 18
123.7500000000	1.0000000000	123750	S 26
136.1830000000	1.0000000000	136183	S 64
149.3660000000	1.0000000000	149366	S 26
162.1830000000	1.0000000000	162183	S 19
176.3330000000	1.0000000000	176333	S 65
188.7830000000	1.0000000000	188783	S 33
202.2330000000	1.0000000000	202233	S 19
215.3990000000	1.0000000000	215399	S 64
227.8500000000	1.0000000000	227850	S 65
240.3490000000	1.0000000000	240349	S 27
254.3490000000	1.0000000000	254349	S 18
267.0490000000	1.0000000000	267049	S 33
279.8820000000	1.0000000000	279882	S 27
293.9980000000	1.0000000000	293998	S 32
306.4480000000	1.0000000000	306448	S 26
320.5480000000	1.0000000000	320548	S 64
332.9980000000	1.0000000000	332998	S 26
346.4980000000	1.0000000000	346498	S 65
359.5480000000	1.0000000000	359548	S 64
373.1640000000	1.0000000000	373164	S 18
386.8470000000	1.0000000000	386847	S 27
400.4140000000	1.0000000000	400414	S 32
413.9970000000	1.0000000000	413997	S 19
426.5140000000	1.0000000000	426514	S 32
439.3470000000	1.0000000000	439347	S 64
451.7470000000	1.0000000000	451747	S 19
464.3630000000	1.0000000000	464363	S 32
477.8460000000	1.0000000000	477846	S 27
491.0140000000	1.0000000000	491014	S 18
503.3460000000	1.0000000000	503346	S 19
517.0960000000	1.0000000000	517096	S 33
