onset	duration	sample	value
0.0000000000	n/a	0	boundary
1.1400000000	n/a	1140	boundary
8.8620000000	1.0000000000	8862	S 27
22.9620000000	1.0000000000	22962	S 64
36.4120000000	1.0000000000	36412	S 32
49.1780000000	1.0000000000	49178	S 33
62.6450000000	1.0000000000	62645	S 26
75.3120000000	1.0000000000	75312	S 18
89.4610000000	1.0000000000	89461	S 26
101.6610000000	1.0000000000	101661	S 65
114.4610000000	1.0000000000	114461	S 65
127.3110000000	1.0000000000	127311	S 32
140.0780000000	1.0000000000	140078	S 19
154.1440000000	1.0000000000	154144	S 33
166.5610000000	1.0000000000	166561	S 26
180.5440000000	1.0000000000	180544	S 19
194.3600000000	1.0000000000	194360	S 65
206.6940000000	1.0000000000	206694	S 64
218.8930000000	1.0000000000	218893	S 64
232.9770000000	1.0000000000	232977	S 18
246.9430000000	1.0000000000	246943	S 18
259.3100000000	1.0000000000	259310	S 27
271.8430000000	1.0000000000	271843	S 32
285.3430000000	1.0000000000	285343	S 19
298.7760000000	1.0000000000	298776	S 64
312.8420000000	1.0000000000	312842	S 32
325.9260000000	1.0000000000	325926	S 65
339.0750000000	1.0000000000	339075	S 19
351.6920000000	1.0000000000	351692	S 26
365.7920000000	1.0000000000	365792	S 33
379.0080000000	1.0000000000	379008	S 27
392.3420000000	1.0000000000	392342	S 64
405.8410000000	1.0000000000	405841	S 27
419.3410000000	1.0000000000	419341	S 18
432.9410000000	1.0000000000	432941	S 33
446.2240000000	1.0000000000	446224	S 19
459.8410000000	1.0000000000	459841	S 26
473.7570000000	1.0000000000	473757	S 18
486.1070000000	1.0000000000	486107	S 27
498.5240000000	1.0000000000	498524	S 32
512.5570000000	1.0000000000	512557	S 33
526.1900000000	1.0000000000	526190	S 65
