onset	duration	sample	value
0.0000000000	n/a	0	boundary
0.8000000000	n/a	800	boundary
4.6500000000	1.0000000000	4650	S 19
18.5900000000	1.0000000000	18590	S 26
31.9830000000	1.0000000000	31983	S 19
45.7330000000	1.0000000000	45733	S 65
58.2320000000	1.0000000000	58232	S 19
70.9320000000	1.0000000000	70932	S 33
83.7160000000	1.0000000000	83716	S 64
97.8650000000	1.0000000000	97865	S 26
110.8650000000	1.0000000000	110865	S 65
123.7980000000	1.0000000000	123798	S 18
137.7150000000	1.0000000000	137715	S 32
151.1150000000	1.0000000000	151115	S 32
163.4980000000	1.0000000000	163498	S 18
175.9980000000	1.0000000000	175998	S 32
188.2640000000	1.0000000000	188264	S 64
201.1140000000	1.0000000000	201114	S 26
213.8140000000	1.0000000000	213814	S 65
226.7480000000	1.0000000000	226748	S 19
240.4640000000	1.0000000000	240464	S 32
253.9140000000	1.0000000000	253914	S 27
266.9470000000	1.0000000000	266947	S 65
279.7970000000	1.0000000000	279797	S 27
292.5470000000	1.0000000000	292547	S 18
306.2970000000	1.0000000000	306297	S 33
319.5300000000	1.0000000000	319530	S 32
332.8300000000	1.0000000000	332830	S 26
346.2630000000	1.0000000000	346263	S 64
359.2290000000	1.0000000000	359229	S 19
371.8130000000	1.0000000000	371813	S 27
385.2620000000	1.0000000000	385262	S 33
398.0620000000	1.0000000000	398062	S 26
412.0620000000	1.0000000000	412062	S 18
424.8120000000	1.0000000000	424812	S 64
438.1450000000	1.0000000000	438145	S 27
450.3780000000	1.0000000000	450378	S 18
464.0120000000	1.0000000000	464012	S 33
476.1780000000	1.0000000000	476178	S 64
488.7780000000	1.0000000000	488778	S 33
501.1110000000	1.0000000000	501111	S 65
514.9280000000	1.0000000000	514928	S 27
