onset	duration	sample	value
0.0000000000	n/a	0	boundary
5.3140000000	1.0000000000	5314	S 19
19.4810000000	1.0000000000	19481	S 26
31.7970000000	1.0000000000	31797	S 19
44.5800000000	1.0000000000	44580	S 65
57.3300000000	1.0000000000	57330	S 19
70.7300000000	1.0000000000	70730	S 33
83.5970000000	1.0000000000	83597	S 64
97.5630000000	1.0000000000	97563	S 26
110.7130000000	1.0000000000	110713	S 65
124.5300000000	1.0000000000	124530	S 18
138.1130000000	1.0000000000	138113	S 32
150.3790000000	1.0000000000	150379	S 32
162.5960000000	1.0000000000	162596	S 18
176.6120000000	1.0000000000	176612	S 32
190.0960000000	1.0000000000	190096	S 64
202.5950000000	1.0000000000	202595	S 26
216.2120000000	1.0000000000	216212	S 65
230.0780000000	1.0000000000	230078	S 19
243.2280000000	1.0000000000	243228	S 32
255.6780000000	1.0000000000	255678	S 27
269.4110000000	1.0000000000	269411	S 65
281.8780000000	1.0000000000	281878	S 27
295.8110000000	1.0000000000	295811	S 18
309.7110000000	1.0000000000	309711	S 33
322.1610000000	1.0000000000	322161	S 32
334.8610000000	1.0000000000	334861	S 26
347.5940000000	1.0000000000	347594	S 64
360.8100000000	1.0000000000	360810	S 19
373.2600000000	1.0000000000	373260	S 27
387.1100000000	1.0000000000	387110	S 33
399.4430000000	1.0000000000	399443	S 26
412.6260000000	1.0000000000	412626	S 18
425.5600000000	1.0000000000	425560	S 64
439.5930000000	1.0000000000	439593	S 27
453.0760000000	1.0000000000	453076	S 18
466.4430000000	1.0000000000	466443	S 33
479.7920000000	1.0000000000	479792	S 64
492.1920000000	1.0000000000	492192	S 33
506.1590000000	1.0000000000	506159	S 65
519.3590000000	1.0000000000	519359	S 27
