onset	duration	sample	value
0.0000000000	n/a	0	boundary
1.1200000000	n/a	1120	boundary
9.0520000000	1.0000000000	9052	S 27
21.6180000000	1.0000000000	21618	S 64
34.0340000000	1.0000000000	34034	S 32
46.4180000000	1.0000000000	46418	S 33
60.2340000000	1.0000000000	60234	S 26
74.3010000000	1.0000000000	74301	S 18
88.3010000000	1.0000000000	88301	S 26
102.0340000000	1.0000000000	102034	S 65
114.5170000000	1.0000000000	114517	S 65
126.8670000000	1.0000000000	126867	S 32
140.1330000000	1.0000000000	140133	S 19
154.1000000000	1.0000000000	154100	S 33
167.9660000000	1.0000000000	167966	S 26
180.2500000000	1.0000000000	180250	S 19
193.2160000000	1.0000000000	193216	S 65
206.8330000000	1.0000000000	206833	S 64
219.8330000000	1.0000000000	219833	S 64
233.0160000000	1.0000000000	233016	S 18
246.9000000000	1.0000000000	246900	S 18
259.4650000000	1.0000000000	259465	S 27
272.2650000000	1.0000000000	272265	S 32
285.3320000000	1.0000000000	285332	S 19
297.5480000000	1.0000000000	297548	S 64
310.5150000000	1.0000000000	310515	S 32
322.9480000000	1.0000000000	322948	S 65
335.3480000000	1.0000000000	335348	S 19
349.5310000000	1.0000000000	349531	S 26
363.5140000000	1.0000000000	363514	S 33
376.9480000000	1.0000000000	376948	S 27
391.0470000000	1.0000000000	391047	S 64
405.1140000000	1.0000000000	405114	S 27
418.3140000000	1.0000000000	418314	S 18
431.3140000000	1.0000000000	431314	S 33
444.5800000000	1.0000000000	444580	S 19
458.2800000000	1.0000000000	458280	S 26
472.0800000000	1.0000000000	472080	S 18
485.2460000000	1.0000000000	485246	S 27
498.0630000000	1.0000000000	498063	S 32
511.2300000000	1.0000000000	511230	S 33
524.1630000000	1.0000000000	524163	S 65
