onset	duration	sample	value
0.0000000000	n/a	0	boundary
6.0190000000	1.0000000000	6019	S 19
20.1860000000	1.0000000000	20186	S 26
33.7850000000	1.0000000000	33785	S 19
47.6680000000	1.0000000000	47668	S 65
60.5850000000	1.0000000000	60585	S 19
74.6010000000	1.0000000000	74601	S 33
86.7680000000	1.0000000000	86768	S 64
99.3510000000	1.0000000000	99351	S 26
112.1680000000	1.0000000000	112168	S 65
124.3340000000	1.0000000000	124334	S 18
137.9340000000	1.0000000000	137934	S 32
151.4340000000	1.0000000000	151434	S 32
164.6170000000	1.0000000000	164617	S 18
177.1670000000	1.0000000000	177167	S 32
191.2170000000	1.0000000000	191217	S 64
203.4670000000	1.0000000000	203467	S 26
216.9000000000	1.0000000000	216900	S 65
229.5160000000	1.0000000000	229516	S 19
242.6830000000	1.0000000000	242683	S 32
255.5830000000	1.0000000000	255583	S 27
269.0990000000	1.0000000000	269099	S 65
283.2320000000	1.0000000000	283232	S 27
296.3990000000	1.0000000000	296399	S 18
309.1820000000	1.0000000000	309182	S 33
321.8820000000	1.0000000000	321882	S 32
336.0830000000	1.0000000000	336083	S 26
349.1980000000	1.0000000000	349198	S 64
363.1310000000	1.0000000000	363131	S 19
375.5980000000	1.0000000000	375598	S 27
389.2650000000	1.0000000000	389265	S 33
401.6140000000	1.0000000000	401614	S 26
415.1640000000	1.0000000000	415164	S 18
428.2140000000	1.0000000000	428214	S 64
441.4310000000	1.0000000000	441431	S 27
453.7300000000	1.0000000000	453730	S 18
467.5300000000	1.0000000000	467530	S 33
480.8800000000	1.0000000000	480880	S 64
493.0470000000	1.0000000000	493047	S 33
507.0800000000	1.0000000000	507080	S 65
520.1460000000	1.0000000000	520146	S 27
